code,cluster,rail_any_share
01100,3,0.21539710987845476
01101,1,0.24359326594222808
01102,1,0.18466106948515623
01103,1,0.19129741955381926
01104,1,0.2706537678422602
01105,1,0.30532073108684593
01106,1,0.12592410486944
01107,1,0.25383187209902014
01108,1,0.2486366797203821
01109,1,0.1772750842623801
01110,1,0.03888436482084691
01202,0,0.02057354882179744
01203,1,0.06267403314917128
01204,0,0.005573106853211888
01205,1,0.011764383261119947
01206,0,0.002286890400777543
01207,0,0.0025141764022682243
01208,0,0.00448217457760152
01209,1,0.0029906542056074765
01210,1,0.04967648303803592
01211,1,0.004844419601267002
01212,1,0.0016256638127235287
01213,1,0.017105871474803514
01214,1,0.0013596633214632567
01215,1,0.04334987006850933
01216,1,0.014011951370286421
01217,1,0.13504450569708035
01218,1,0.01474010861132661
01219,1,0.0005474652359575167
01220,1,0.007904626150058313
01221,1,0.0046955705118171855
01222,1,0.0061468780329990294
01223,1,0.0021571937722753703
01224,1,0.060448318301959125
01225,1,0.013826169370574789
01226,1,0.025345937799698588
01227,1,0.012195121951219513
01228,1,0.02546709508508866
01229,1,0.008327024981074944
01230,1,0.018295946669261837
01231,1,0.12133286110619208
01233,1,0.01937740468695348
01234,1,0.09433820772403449
01235,1,0.010278938838181352
01236,1,0.022582228767795778
01303,1,0.17046379170056958
01304,1,0.015194681861348529
01331,1,0.0029548332629801602
01332,1,0.00357653791130186
01333,1,0.008365867261572783
01334,1,0.017409470752089137
01337,1,0.0272608125819135
01343,1,0.035391566265060244
01345,1,0.027671913835956918
01346,1,0.008008153756552125
01347,1,0.011353711790393014
01361,1,0.0011994002998500749
01362,1,0.0011229646266142617
01363,1,0.0021008403361344537
01364,1,0.00332667997338656
01367,1,0.0009115770282588879
01370,1,0.0014970059880239522
01371,1,0.0017780938833570413
01391,1,0.005649717514124294
01392,1,0.002325581395348837
01393,1,0.023450586264656615
01394,1,0.028002154011847066
01395,1,0.022306597057427623
01396,1,0.0011682242990654205
01397,1,0.003036437246963563
01398,1,0.001184834123222749
01399,1,0.0038255547054322878
01400,1,0.007039337474120083
01401,1,0.0027821939586645467
01402,1,0.0011252813203300824
01403,1,0.0026954177897574125
01404,1,0.003003003003003003
01405,1,0.0030349013657056147
01406,1,0.0026109660574412533
01407,1,0.05184534270650264
01408,1,0.03134669716130768
01409,1,0.007104795737122558
01423,1,0.007429420505200594
01424,1,0.05141269106067624
01425,1,0.010466222645099905
01427,1,0.03397260273972603
01428,1,0.012801575578532743
01429,1,0.014890939597315436
01430,1,0.012302284710017574
01431,1,0.02120141342756184
01432,1,0.010865191146881288
01433,1,0.02720348204570185
01434,1,0.0282021151586369
01436,1,0.005611672278338945
01437,1,0.005110732538330494
01438,1,0.03466204506065858
01452,1,0.001387443635102324
01453,1,0.002802932298404485
01454,1,0.02825077399380805
01455,1,0.03409881697981907
01456,1,0.032432432432432434
01457,1,0.014823965410747375
01458,1,0.004367934224049332
01459,1,0.031057563587684068
01460,1,0.020236425566018835
01461,1,0.045636052481460354
01462,1,0.0158311345646438
01463,1,0.0050062578222778474
01464,1,0.030352748154224774
01465,1,0.02336448598130841
01468,1,0.000774593338497289
01469,1,0.008830022075055188
01470,1,0.012755102040816327
01471,1,0.0014044943820224719
01472,1,0.011986301369863013
01481,1,0.0005841121495327102
01482,1,0.0007686395080707148
01483,1,0.0015885623510722795
01484,1,0.0003505082369435682
01485,1,0.0
01486,1,0.0
01487,1,0.002204261572373255
01511,1,0.003117692907248636
01512,1,0.0005927682276229994
01513,1,0.001321003963011889
01514,1,0.0008880994671403197
01516,1,0.007234279354479688
01517,1,0.0
01518,1,0.001088139281828074
01519,1,0.0018165304268846503
01520,1,0.0
01543,1,0.01602229188436085
01544,1,0.0
01545,1,0.00895583146753511
01546,1,0.02125984251968504
01547,1,0.0042997542997543
01549,1,0.0
01550,1,0.0029239766081871343
01552,1,0.001987083954297069
01555,1,0.004817618719889883
01559,1,0.002119285498032092
01560,1,0.0
01561,1,0.0006337135614702154
01562,1,0.0020876826722338203
01563,1,0.0014627011214041932
01564,1,0.01435602953240361
01571,1,0.036340038935756006
01575,1,0.00847457627118644
01578,1,0.03616858237547893
01581,1,0.007838745800671893
01584,1,0.020443420673769076
01585,1,0.032383808095952024
01586,1,0.009664753850800362
01601,1,0.005400192864030858
01602,1,0.004155124653739612
01604,1,0.0034453057708871662
01607,1,0.0014052344985069384
01608,1,0.0
01609,1,0.0006389776357827476
01610,1,0.0018472237313919375
01631,1,0.0018668012108980828
01632,1,0.0008853474988933156
01633,1,0.001971414489896501
01634,1,0.002139495079161318
01635,1,0.016599040944300997
01636,1,0.01660862577015805
01637,1,0.011742892459826947
01638,1,0.001095890410958904
01639,1,0.0016764459346186086
01641,1,0.0003901677721420211
01642,1,0.0014154281670205238
01643,1,0.011052457934675025
01644,1,0.013513513513513514
01645,1,0.0156794425087108
01646,1,0.0014316392269148174
01647,1,0.001091703056768559
01648,1,0.0009852216748768472
01649,1,0.013498312710911136
01661,1,0.0029653284671532845
01662,1,0.012565971349585323
01663,1,0.006394490900147565
01664,1,0.013056578506863073
01665,1,0.012426648256817397
01667,1,0.0
01668,1,0.00591016548463357
01691,1,0.0010676156583629894
01692,1,0.001457226127207269
01693,1,0.00043084877208099956
01694,1,0.0009037505648441031
02201,0,0.01797040991835877
02202,0,0.010751446569929308
02203,0,0.010445274025526686
02204,1,0.01715162840363054
02205,1,0.008843169103049992
02206,1,0.0017508128774073677
02207,1,0.0076636508781266635
02208,1,0.002415953482658368
02209,1,0.011562178828365879
02210,1,0.02920818437666388
02301,1,0.04956413449564134
02303,1,0.025252525252525252
02304,1,0.0580168776371308
02307,1,0.026955602536997886
02321,1,0.028891509433962265
02323,1,0.033820138355111454
02343,1,0.0017513134851138354
02361,1,0.03285954455142901
02362,1,0.04497792494481236
02367,1,0.019302615193026153
02381,1,0.023898586866167915
02384,1,0.023170993349066724
02387,1,0.015219842164599774
02401,1,0.02472382956338769
02402,1,0.005949585094723657
02405,1,0.0037974683544303796
02406,1,0.030837004405286344
02408,1,0.028848860118209963
02411,1,0.0016534391534391533
02412,1,0.011020881670533642
02423,1,0.0014727540500736377
02424,1,0.0018552875695732839
02425,1,0.0
02426,1,0.0028368794326241137
02441,1,0.018923713778829097
02442,1,0.0028204766605556338
02443,1,0.00354251012145749
02445,1,0.023932820153953815
02446,1,0.012078362056267491
02450,1,0.00129366106080207
03201,0,0.02563080644274641
03202,1,0.007333869957964404
03203,1,0.005257687840068472
03205,1,0.027401849122336862
03206,1,0.022869302273490873
03207,1,0.006052021632758177
03208,1,0.01641380534114098
03209,0,0.017220879837379664
03210,1,0.004671260072404531
03211,1,0.003843197540353574
03213,1,0.017823799015447294
03214,1,0.026242161119150988
03215,0,0.015391038657886246
03216,1,0.028959092750101254
03301,1,0.04120102329338898
03302,1,0.0014655593551538837
03303,1,0.04438095238095238
03321,1,0.061309712116418856
03322,1,0.049204439096135845
03366,1,0.007958801498127341
03381,1,0.025611766197540256
03402,1,0.028194361127774445
03441,1,0.004074241738343142
03461,1,0.0075096407550233404
03482,1,0.02227488151658768
03483,1,0.006017505470459519
03484,1,0.014570552147239263
03485,1,0.031569173630454965
03501,1,0.0014112334180073384
03503,1,0.02079722703639515
03506,1,0.0027906976744186047
03507,1,0.034870992963252544
03524,1,0.02913800080938891
04100,0,0.1599282348938823
04101,0,0.14093959731543623
04102,1,0.17562348152916502
04103,1,0.17753163171489864
04104,1,0.20266888320699655
04105,1,0.11440356018669272
04202,1,0.03435235292256084
04203,1,0.13772506186534686
04205,1,0.009111867383906028
04206,1,0.06310013717421124
04207,1,0.1149579291494721
04208,1,0.03240058910162003
04209,1,0.15651106488901012
04211,1,0.12422062350119904
04212,1,0.011995386389850057
04213,1,0.0135931289040318
04214,1,0.07432928551256707
04215,0,0.03761263123088369
04216,1,0.013692022263450836
04301,1,0.023823704586063133
04302,1,0.0
04321,1,0.08492400141392718
04322,1,0.013628966639544346
04323,1,0.09606226637308618
04324,1,0.003668378576669112
04341,1,0.02021193092621664
04361,1,0.10241966457559852
04362,1,0.08413369189396849
04401,1,0.1617304492512479
04404,1,0.016408386508659983
04406,1,0.06298090624109433
04421,1,0.005474836807749
04422,1,0.013658820110433014
04424,1,0.0025334781035106766
04444,1,0.0038910505836575876
04445,1,0.004371903235208394
04501,1,0.042169550676166935
04505,1,0.06766304347826087
04581,1,0.04279782816991377
04606,1,0.011028712683019585
05201,0,0.016316727570521158
05202,1,0.012784156942959417
05203,1,0.008830839194119824
05204,1,0.009515435103476431
05206,1,0.03379681315335431
05207,1,0.008431340959132163
05209,1,0.013272658323852863
05210,1,0.01451194932335157
05211,1,0.052840158520475564
05212,1,0.02066590126291619
05213,1,0.018889745566692366
05214,1,0.02296392711044998
05215,1,0.01730135481508605
05303,1,0.004217432052483599
05327,1,0.0012658227848101266
05346,1,0.010342084327764518
05348,1,0.02394822006472492
05349,1,0.017894736842105262
05361,1,0.022663682148852827
05363,1,0.05892047795632468
05366,1,0.05184829572731637
05368,1,0.013064133016627079
05434,1,0.008420303605313094
05463,1,0.0030312699425654116
05464,1,0.004663557628247834
06201,0,0.013750948486636877
06202,1,0.01004926591338023
06203,0,0.005621937591334995
06204,1,0.004479069372505732
06205,1,0.01245353159851301
06206,1,0.029156736473809643
06207,1,0.029228666869116307
06208,1,0.02912142152023692
06209,1,0.014008872285780995
06210,1,0.03323624595469256
06211,1,0.027989047763918466
06212,1,0.02282453637660485
06213,1,0.034173282706247844
06301,1,0.03474500447360573
06302,1,0.0410641989589358
06321,1,0.011077664057796508
06322,1,0.013642564802182811
06323,1,0.01114099116404149
06324,1,0.024466571834992887
06341,1,0.04688038607376767
06361,1,0.002900953170327393
06362,1,0.027229786051681023
06363,1,0.019787644787644786
06364,1,0.02294154619736015
06365,1,0.007633587786259542
06366,1,0.011143695014662757
06367,1,0.0164021164021164
06381,1,0.020333239197966677
06382,1,0.023009950248756218
06401,1,0.022280856053943126
06402,1,0.016578249336870028
06403,1,0.02637577336372517
06426,1,0.002044989775051125
06428,1,0.02053366687513029
06461,1,0.015273876404494381
07201,0,0.04226073919960837
07202,1,0.009524338947875554
07203,0,0.014884536838246845
07204,0,0.020549601095978726
07205,1,0.021362772859242266
07207,1,0.020566223820850497
07208,1,0.014416775884665793
07209,1,0.022945603622345958
07210,1,0.03973379538473655
07211,1,0.037783844149398185
07212,1,0.015799147471745337
07213,1,0.04140592797991532
07214,1,0.04390015391822258
07301,1,0.06009984639016897
07303,1,0.08202396804260985
07308,1,0.004174573055028463
07322,1,0.022822543083372147
07342,1,0.04431034482758621
07344,1,0.00823045267489712
07362,1,0.03533240353324035
07364,1,0.0
07367,1,0.0
07368,1,0.017772884554891476
07402,1,0.007698887938408896
07405,1,0.031512605042016806
07407,1,0.046610169491525424
07408,1,0.03624298111281266
07421,1,0.0191784743094318
07422,1,0.013748191027496382
07423,1,0.035101404056162244
07444,1,0.05128205128205128
07445,1,0.0076103500761035
07446,1,0.0
07447,1,0.017907634307257305
07461,1,0.016800874838453127
07464,1,0.03795202291442893
07465,1,0.013125512715340444
07466,1,0.035064417585336696
07481,1,0.015497683335996165
07482,1,0.028428093645484948
07483,1,0.02137571937517128
07484,1,0.012363636363636363
07501,1,0.01578716561906154
07502,1,0.033693163231926726
07503,1,0.004706734250543085
07504,1,0.04098073555166375
07505,1,0.005529953917050691
07521,1,0.03429887286389528
07522,1,0.03172381618847679
07541,1,0.015671641791044775
07542,1,0.023687580025608196
07543,1,0.009523809523809525
07544,1,0.0025412960609911056
07545,1,0.010810810810810811
07547,1,0.004188481675392671
07548,1,0.010869565217391304
07561,1,0.046031746031746035
07564,1,0.0
08201,0,0.03610587931883367
08202,1,0.07171755278323425
08203,1,0.061356859610832745
08204,1,0.0634126615644985
08205,1,0.042587837414667755
08207,1,0.04208704461986576
08208,1,0.09747559552608362
08210,1,0.020663377460798202
08211,1,0.037534785854883596
08212,1,0.019702434625789
08214,1,0.061203152645970725
08215,1,0.05472483428395252
08216,1,0.05770845830833833
08217,1,0.23690129663932258
08219,1,0.14446533981089693
08220,0,0.06276338428546492
08221,1,0.05551007260867814
08222,1,0.016419635572477564
08223,1,0.02134947821237951
08224,1,0.237052463936786
08225,1,0.031829787234042554
08226,1,0.041888804265041886
08227,1,0.03409214445676516
08228,1,0.005554874811093412
08229,1,0.010805061023401634
08230,1,0.045700448245659234
08231,1,0.031546266008759774
08232,1,0.009276968058211875
08233,1,0.0077480086893555395
08234,1,0.017855227882037535
08235,1,0.1476392705470897
08236,1,0.029296875
08302,1,0.00691292507506459
08309,1,0.03950991189427313
08310,1,0.00530565167243368
08341,1,0.07811066126855601
08364,1,0.01747269890795632
08442,1,0.008836737650296972
08443,1,0.04382718616158676
08447,1,0.02851605758582503
08521,1,0.008601225674658639
08542,1,0.04044772322564233
08546,1,0.009326776326945905
08564,1,0.06426944354051416
09201,0,0.026273119158416493
09202,1,0.028570598151485205
09203,1,0.0490341551069304
09204,1,0.03095742009541916
09205,1,0.024937817670595868
09206,1,0.03955383490808674
09208,1,0.06325955933208181
09209,1,0.01350879548811602
09210,1,0.012987781426585012
09211,1,0.03908772411898056
09213,1,0.02902119587027106
09214,1,0.029747427502338636
09215,1,0.02574345317354638
09216,1,0.07759106426701137
09301,1,0.022523692068025444
09342,1,0.01763175643125542
09343,1,0.012228260869565218
09344,1,0.014334348683031715
09345,1,0.00940248710949348
09361,1,0.06148784124209552
09364,1,0.14331877729257642
09384,1,0.010963026655202063
09386,1,0.040339702760084924
09407,1,0.021838602329450917
09411,1,0.005143277002204262
10201,0,0.026362430826511615
10202,0,0.04262845297050065
10203,1,0.02398561680219017
10204,0,0.02190530519110097
10205,0,0.022232173677778088
10206,1,0.024631000605298693
10207,1,0.050399891554832585
10208,1,0.032978783274241655
10209,1,0.027521466102780983
10210,1,0.0239095459420808
10211,1,0.03026952842057108
10212,1,0.02559894978667542
10344,1,0.007545671167593328
10345,1,0.02060907167172693
10366,1,0.004123711340206186
10367,1,0.0
10382,1,0.02443609022556391
10383,1,0.005964214711729622
10384,1,0.02181818181818182
10421,1,0.03108735405823604
10424,1,0.038348082595870206
10425,1,0.02193623866627669
10426,1,0.010334137099552188
10428,1,0.009351256575102279
10429,1,0.03338469440164355
10443,1,0.00357355568790947
10444,1,0.015250544662309368
10448,1,0.02545103092783505
10449,1,0.0381927109335996
10464,1,0.011614956245027844
10521,1,0.07099236641221374
10522,1,0.07406712919557472
10523,1,0.014835680751173709
10524,1,0.02141641452344932
10525,1,0.032093246048219705
11100,3,0.3372902155887231
11101,1,0.22556132954211197
11102,1,0.3717865908797313
11103,1,0.3458926496223126
11104,1,0.2449467290650204
11105,1,0.43126549834337036
11106,1,0.24192232196025673
11107,1,0.49574799066632097
11108,1,0.42642483030484224
11109,1,0.23512719335068424
11110,1,0.20485606901853592
11201,0,0.22888244948199815
11202,0,0.09714957453921896
11203,0,0.31660221965550145
11206,1,0.07557985244944536
11207,1,0.055785350854716496
11208,0,0.35057661498536946
11209,1,0.1547921294827039
11210,1,0.10732047321226736
11211,1,0.059937846236995
11212,1,0.1314504141006583
11214,1,0.27900856909426003
11215,1,0.19280693054866843
11216,1,0.10511385715395974
11217,1,0.2183465784458269
11218,1,0.07179571222121243
11219,1,0.21605208447313712
11221,1,0.31344106429513946
11222,0,0.3138543128997036
11223,1,0.42618368178906296
11224,1,0.36825815914924825
11225,1,0.2062609670141705
11227,1,0.4036200977842505
11228,1,0.36298258894776686
11229,1,0.4151757878075687
11230,1,0.22281831674405306
11231,1,0.21863671317148192
11232,1,0.20865150743820352
11233,1,0.2001104685164728
11234,1,0.21983190146911596
11235,1,0.38399890804149445
11237,1,0.23052143220456542
11238,1,0.23892650585414021
11239,1,0.1995845212048885
11240,1,0.15459873958838305
11241,1,0.23279869470184403
11242,1,0.13242998385000196
11243,1,0.20262505468863934
11245,1,0.317191844300278
11246,1,0.298941901476687
11301,1,0.18705332600329852
11324,1,0.23046069218427687
11326,1,0.13518078318528712
11327,1,0.13430265926917925
11341,1,0.17173524150268335
11342,1,0.12860892388451445
11343,1,0.1162705129148576
11346,1,0.023010752688172043
11347,1,0.0313777483151033
11348,1,0.04399441340782123
11349,1,0.04169914263445051
11361,1,0.07734375
11362,1,0.06525285481239804
11363,1,0.09016134134767478
11365,1,0.00963020030816641
11369,1,0.0297029702970297
11381,1,0.026732673267326732
11383,1,0.020665159832095575
11385,1,0.060153411384739605
11408,1,0.08022209458165805
11442,1,0.2824890912540315
11464,1,0.1875667281374357
11465,1,0.03740684465668186
12100,0,0.2742087069740148
12101,1,0.2829851196569224
12102,1,0.2871118089826031
12103,1,0.25854905720677535
12104,1,0.17840729063730335
12105,1,0.2644312180400704
12106,1,0.36218893737469043
12202,1,0.043603731815306766
12203,0,0.4584239198865115
12204,0,0.4351542127807906
12205,1,0.023194748358862146
12206,1,0.05561897513952308
12207,0,0.41800841391158783
12208,1,0.17098416369353997
12210,1,0.09230889888110426
12211,1,0.13419499946081678
12212,1,0.2773697828189112
12213,1,0.07958464395346193
12215,1,0.050351414669309785
12216,1,0.38006448577755847
12217,0,0.3039680166212834
12218,1,0.059986178299930894
12219,0,0.09658228567254547
12220,1,0.4341072115493404
12221,1,0.3431476017144457
12222,1,0.38638171693064294
12223,1,0.023507385063449137
12224,1,0.3900027523130015
12225,1,0.04832658334782717
12226,1,0.055683242791475136
12227,1,0.33071051917564204
12228,1,0.19775560464112524
12229,1,0.10687073920598851
12230,1,0.09081112852664577
12231,1,0.276347912442587
12232,1,0.2894249245127642
12233,1,0.05709555546122172
12234,1,0.03628426250626208
12235,1,0.04669204798505854
12236,1,0.049507726819541374
12237,1,0.0681131812479673
12238,1,0.08790445771420637
12239,1,0.13672372973957383
12322,1,0.25077978789769184
12329,1,0.14172630665799177
12342,1,0.0944967414916727
12347,1,0.01552895503073439
12349,1,0.060185997543428675
12403,1,0.029169413315754778
12409,1,0.026424159231297185
12410,1,0.0573873121869783
12421,1,0.15131056393963463
12422,1,0.04422351731230716
12423,1,0.0781055900621118
12424,1,0.024793388429752067
12426,1,0.027977044476327116
12427,1,0.019007731958762885
12441,1,0.019394261424017
12443,1,0.09655172413793103
12463,1,0.06824512534818941
13100,2,0.5204319617899702
13101,1,0.521232647288697
13102,1,0.530087736658091
13103,0,0.48637709889435615
13104,0,0.5582809649300629
13105,0,0.5909664885866925
13106,1,0.5295803854598683
13107,1,0.5534433344929841
13108,0,0.49920048233197023
13109,0,0.6013261988548412
13110,0,0.5429081524102014
13111,0,0.5169860188351597
13112,0,0.5345387676800865
13113,0,0.5412885608328066
13114,0,0.5837769461866863
13115,0,0.5799626996153397
13116,0,0.6291475441007425
13117,0,0.5796650586558492
13118,1,0.5519382537804361
13119,0,0.5397901264622599
13120,0,0.49811949143957046
13121,0,0.40689134489241385
13122,0,0.46196662414412537
13123,0,0.4028488393189968
13201,0,0.2592623711670188
13202,1,0.2958390070179114
13203,1,0.4667907633551037
13204,1,0.2827995428126748
13205,1,0.19598672831880273
13206,0,0.3992844304555849
13207,1,0.3209056115162709
13208,1,0.46493076756416063
13209,0,0.28844130387177064
13210,1,0.45926914916965395
13211,1,0.35233205173875126
13212,1,0.4044473367549913
13213,1,0.3805802195091873
13214,1,0.4725891080151981
13215,1,0.4002934660643899
13218,1,0.3222983749299539
13219,1,0.4715943962641761
13220,1,0.28551494660011806
13221,1,0.30468599961590165
13222,1,0.2586985005095356
13223,1,0.08601437258153675
13224,1,0.3647179049158824
13225,1,0.46822829346619754
13227,1,0.24411561445587218
13228,1,0.20479574215100643
13229,1,0.4070617566793572
13303,1,0.09624606110426086
13305,1,0.12259615384615384
13307,1,0.013002364066193853
13308,1,0.15958549222797927
13361,1,0.004913294797687861
13362,1,0.005405405405405406
13363,1,0.007475083056478406
13364,1,0.010570824524312896
13381,1,0.0017921146953405018
13382,1,0.0
13401,1,0.0031857279388340237
13402,1,0.0
13421,1,0.002592016588906169
14100,3,0.4084627866109914
14101,1,0.3460445651774898
14102,1,0.5101306553985963
14103,1,0.5034692635423007
14104,1,0.3837306356837607
14105,1,0.4333674104887134
14106,1,0.37056263836934117
14107,1,0.3981761327210163
14108,1,0.3812726673260798
14109,0,0.52562296009924
14110,1,0.31290239113559914
14111,1,0.38591549295774646
14112,1,0.3496143958868895
14113,1,0.4084585291326188
14114,1,0.3113302325581395
14115,1,0.2932634759914444
14116,1,0.42082003437269827
14117,1,0.44980971506410705
14118,1,0.45077087019855894
14130,3,0.45849626307079444
14131,1,0.2836978794376936
14132,1,0.4120428945202619
14133,1,0.5960976884298537
14134,1,0.46844511476646084
14135,1,0.5352676532605211
14136,1,0.39391878489047577
14137,1,0.485354576774805
14150,0,0.2534487281956791
14151,1,0.17319236280546843
14152,1,0.22335517545064518
14153,1,0.331992857820055
14201,0,0.2867988791178749
14203,0,0.10375628040513597
14204,1,0.3584145338885969
14205,0,0.3182152220545007
14206,1,0.21131153744710618
14207,1,0.22482600569179761
14208,1,0.4198243616848268
14210,1,0.19642650630276395
14211,1,0.19703719752467874
14212,1,0.0896372214088173
14213,1,0.41102373095694444
14214,1,0.17730286776196308
14215,1,0.300418064187954
14216,1,0.3043316962866127
14217,1,0.18319630010277493
14218,1,0.11620702889412797
14301,1,0.09517794784159299
14321,1,0.16873683758112348
14341,1,0.21605113636363638
14342,1,0.2327205587220037
14361,1,0.036438168982008655
14362,1,0.16313253012048193
14363,1,0.2209147845891061
14364,1,0.1441850410722006
14366,1,0.20006443298969073
14382,1,0.05603293949158611
14383,1,0.27534246575342464
14384,1,0.17961706007496708
14401,1,0.009567174869538524
14402,1,0.009259259259259259
15100,0,0.0442769702609539
15101,1,0.05888232102572889
15102,1,0.030613030951977444
15103,1,0.02170640893606908
15104,1,0.040013470487386724
15105,1,0.08801617414905696
15106,1,0.005125552525157529
15107,1,0.06593121686262818
15108,1,0.04780937740199846
15202,0,0.01950740298926391
15204,1,0.03600245663821767
15205,1,0.01653253798884118
15206,1,0.028387707262521773
15208,1,0.023056531656494666
15209,1,0.047674612435405904
15210,1,0.020663101604278075
15211,1,0.03590323077713288
15212,1,0.032432432432432434
15213,1,0.04321518987341772
15216,1,0.019182652210175146
15217,1,0.03550877192982456
15218,1,0.04063581030783378
15222,0,0.023767500785031346
15223,1,0.026594650205761315
15224,1,0.0007472445357743321
15225,1,0.032773058617989036
15226,1,0.036354841110366895
15227,1,0.0393723880049857
15307,1,0.020653347732181426
15342,1,0.05416350291065553
15361,1,0.07201955622414441
15385,1,0.03035333175243064
15405,1,0.028254847645429362
15461,1,0.05714285714285714
15482,1,0.02249747219413549
15504,1,0.03648648648648649
15581,1,0.045531197301854974
15586,1,0.004784688995215311
16201,0,0.0380141137557437
16202,1,0.03317649607104608
16204,1,0.034612766403099966
16205,1,0.01739696715973579
16206,1,0.046726276319584654
16207,1,0.036745796241345205
16208,1,0.021310243941011348
16209,1,0.027125145557914926
16210,1,0.019759378394184977
16211,1,0.02897513108298764
16321,1,0.09161147902869757
16322,1,0.05133216747248225
16323,1,0.04942223610243598
16342,1,0.03586462367401919
16343,1,0.04107455713451431
17201,0,0.01563895162561059
17202,1,0.02030862380692091
17203,1,0.017148248177883015
17204,1,0.000968804495252858
17205,1,0.001172562048075044
17206,1,0.01906928506908434
17207,1,0.034341093437269564
17209,1,0.05228977718060687
17210,1,0.030747326135227213
17211,1,0.0158311345646438
17212,1,0.024613381084160835
17324,1,0.023011942907078357
17361,1,0.05113126681949567
17365,1,0.026419213973799125
17384,1,0.00444652468991341
17386,1,0.0410142954390742
17407,1,0.04310344827586207
17461,1,0.01371173469387755
17463,1,0.009508963367108339
18201,0,0.018521555065291278
18202,1,0.019080387863622147
18204,1,0.011419249592169658
18205,1,0.01013255161865919
18206,1,0.012694324349185908
18207,1,0.02952807042863328
18208,1,0.03542649727767695
18209,1,0.017753744556634924
18210,1,0.029528330647619876
18322,1,0.04382431914077484
18382,1,0.004177109440267335
18404,1,0.04242182832105158
18423,1,0.006522175396347582
18442,1,0.016927362331262054
18481,1,0.04370327774583094
18483,1,0.026840679635557745
18501,1,0.031049410359755187
19201,1,0.019498041163785805
19202,1,0.020056032374260683
19204,1,0.07480659266733938
19205,1,0.05539297658862876
19206,1,0.15326311644846935
19207,1,0.037226681428176034
19208,1,0.009486771551470156
19209,1,0.03231568691133485
19210,1,0.03045822102425876
19211,1,0.023923444976076555
19212,1,0.16433248453983268
19213,1,0.05964742815744989
19214,1,0.024771573604060914
19346,1,0.04494210847044485
19364,1,0.0035087719298245615
19365,1,0.028324850630670504
19366,1,0.030238240684178377
19368,1,0.013664042774394772
19384,1,0.021918070444104133
19422,1,0.006305170239596469
19423,1,0.07129000969932105
19424,1,0.006019417475728156
19425,1,0.01437847866419295
19429,1,0.008264462809917356
19430,1,0.014204545454545454
19442,1,0.010380622837370242
19443,1,0.008849557522123894
20201,0,0.05091790786283339
20202,0,0.03181174045604844
20203,1,0.02701243300889615
20204,1,0.03589655616074109
20205,1,0.019890130706573216
20206,1,0.022900445517758255
20207,1,0.05133860992171619
20208,1,0.045861916353175484
20209,1,0.01875363294276012
20210,1,0.03281327389796929
20211,1,0.043160790197549384
20212,1,0.032680896289079796
20213,1,0.03143696290655934
20214,1,0.03571027512633352
20215,1,0.05710436921635235
20217,1,0.029390871958799504
20218,1,0.05019166696521334
20219,1,0.04592096645076778
20220,1,0.04827525480441147
20303,1,0.03126656067832538
20304,1,0.054285714285714284
20305,1,0.061764705882352944
20306,1,0.0215311004784689
20307,1,0.019417475728155338
20309,1,0.0411790203727785
20321,1,0.07089151450053706
20323,1,0.0478231748158071
20324,1,0.010217113665389528
20349,1,0.007730535615681944
20350,1,0.0023752969121140144
20361,1,0.051884155205188416
20362,1,0.05843659170873489
20363,1,0.023347483323226198
20382,1,0.055742863564846035
20383,1,0.051311569772222676
20384,1,0.051193755739210284
20385,1,0.030222437137330756
20386,1,0.01621384750219106
20388,1,0.04726867335562988
20402,1,0.04630087329049267
20403,1,0.04710676446617767
20404,1,0.013215859030837005
20407,1,0.0010087424344317419
20409,1,0.004878048780487805
20410,1,0.0
20411,1,0.02523474178403756
20412,1,0.0
20413,1,0.03818615751789976
20414,1,0.018156424581005588
20415,1,0.006951685783802572
20416,1,0.04561074664167448
20417,1,0.004484304932735426
20422,1,0.03988183161004431
20423,1,0.040195545898967955
20425,1,0.04211332312404288
20429,1,0.0056657223796034
20430,1,0.0673244341265235
20432,1,0.02723290801752047
20446,1,0.08514492753623189
20448,1,0.005479452054794521
20450,1,0.008252063015753939
20451,1,0.008411677387431964
20452,1,0.07879114948731786
20481,1,0.025519421860885277
20482,1,0.06558070657922573
20485,1,0.03379152348224513
20486,1,0.029465930018416207
20521,1,0.05699558173784978
20541,1,0.07137030995106036
20543,1,0.014018691588785047
20561,1,0.05384778460886156
20562,1,0.008735868448098663
20563,1,0.01366742596810934
20583,1,0.05949589683470106
20588,1,0.0029910269192422734
20590,1,0.0426430230103441
20602,1,0.04213938411669368
21201,0,0.045139031714038914
21202,1,0.05107589528470442
21203,1,0.003910907616731053
21204,1,0.07783018867924528
21205,1,0.007009182028457279
21206,1,0.04102591821842653
21207,1,0.007062600321027288
21208,1,0.06278464541314248
21209,1,0.06617904277309589
21210,1,0.04911229946524064
21211,1,0.03222061978965141
21212,1,0.06541248920431077
21213,1,0.08775769247603624
21214,1,0.057585849451930925
21215,1,0.004346426271732131
21216,1,0.06804993845612801
21217,1,0.009949794614331356
21218,1,0.015879935234773945
21219,1,0.007956698240866035
21220,1,0.02232449512295645
21221,1,0.04655643958229736
21302,1,0.07969563476171405
21303,1,0.08225275788658797
21341,1,0.03672207189795129
21361,1,0.058377618005626755
21362,1,0.08416149068322981
21381,1,0.04462540716612378
21382,1,0.01315265045834994
21383,1,0.01675436167266685
21401,1,0.028861921941620204
21403,1,0.009482064585383308
21404,1,0.04803156359893644
21421,1,0.01617496297983825
21501,1,0.0315095261358085
21502,1,0.016012199771254287
21503,1,0.02565099106101827
21504,1,0.021739130434782608
21505,1,0.008633396504527269
21506,1,0.02056476365868631
21507,1,0.0033259423503325942
21521,1,0.04436166610226888
21604,1,0.001326259946949602
22100,0,0.049865760747971694
22101,0,0.031174058640299967
22102,1,0.054084596490244975
22103,1,0.06569388333687717
22130,0,0.026883386883386883
22140,1,0.021295164950253097
22203,1,0.04772605801467373
22205,1,0.09334780586137385
22206,1,0.08554707671122841
22207,1,0.025337350556107568
22208,1,0.07702257761053621
22209,1,0.04353390399462907
22210,0,0.04051710414973567
22211,1,0.023190594326394132
22212,1,0.0453891733302652
22213,1,0.02796608700175113
22214,1,0.040928640144870125
22215,1,0.04009767675384545
22216,1,0.027021137502723905
22219,1,0.017043478260869566
22220,1,0.051403501960632064
22221,1,0.05563250230840259
22222,1,0.03855554679492234
22223,1,0.005923944200267533
22224,1,0.029641375945352526
22225,1,0.08451298396925096
22226,1,0.0029767529767529767
22301,1,0.06801431880395872
22302,1,0.05357784969435455
22304,1,0.005313496280552604
22305,1,0.0008861320336730173
22306,1,0.001736111111111111
22325,1,0.07667894587701898
22341,1,0.018052947234506574
22342,1,0.08376939318828605
22344,1,0.034851208308368284
22424,1,0.0042489214276376
22429,1,0.013858497447118891
22461,1,0.02120100848040339
23100,3,0.2355519268021422
23101,1,0.33875221413107653
23102,1,0.3050479700938489
23103,1,0.2225781632510317
23104,1,0.2462980688024323
23105,1,0.2871513714643222
23106,1,0.335385502082733
23107,1,0.3031880678620246
23108,1,0.3005230901354569
23109,1,0.32676220737954736
23110,1,0.17404947388218525
23111,1,0.105603414458096
23112,1,0.20452820002361952
23113,1,0.1811816138513597
23114,1,0.17731277533039647
23115,1,0.23737527661096902
23116,1,0.24350517887697393
23201,0,0.04679493797442905
23202,0,0.07383798825105638
23203,0,0.11063212602231981
23204,1,0.12734009042093064
23205,1,0.10061500195914752
23206,0,0.12924804556322703
23207,0,0.07026119794398406
23208,1,0.10751433524469929
23209,1,0.053564672179882165
23210,1,0.10090979984403431
23211,0,0.0536347806654065
23212,1,0.09998565960310193
23213,1,0.043869863827562444
23214,1,0.08088774297919668
23215,1,0.14011359802047013
23216,1,0.12462790947889395
23217,1,0.11328174022171093
23219,1,0.06419639496466062
23220,1,0.146842505706315
23221,1,0.03946647177050978
23222,1,0.14046366987543457
23223,1,0.14150002168915107
23224,1,0.13932453132978334
23225,1,0.12583888095302267
23226,1,0.17307219737553448
23227,1,0.08941147399201022
23228,1,0.202980679130784
23229,1,0.12485161443494777
23230,1,0.13851089722314416
23231,1,0.021239070884460955
23232,1,0.13723138430784607
23233,1,0.22294538421391952
23234,1,0.15404398509794495
23235,1,0.1484802718519917
23236,1,0.08010841740701702
23237,1,0.12811557012854324
23238,1,0.17858696743532246
23302,1,0.05340851785632421
23342,1,0.018570338336301194
23361,1,0.08522545570834666
23362,1,0.15934384419197775
23424,1,0.03672722519932035
23425,1,0.21822045152722444
23427,1,0.029885057471264367
23441,1,0.12168992832893248
23442,1,0.11603624101084793
23445,1,0.04745808545159546
23446,1,0.11176522273965381
23447,1,0.1028757510434344
23501,1,0.07578609134725729
23561,1,0.006218202374222725
23562,1,0.013212221304706853
23563,1,0.0
24201,0,0.0572400070139593
24202,0,0.0866145641258404
24203,1,0.03439363131957129
24204,1,0.04539403273382234
24205,1,0.09042106786282737
24207,1,0.06354351733524505
24208,1,0.08753568030447194
24209,1,0.010452961672473868
24210,1,0.035967936204676663
24211,1,0.0342974148963399
24212,1,0.014994416972403892
24214,1,0.03956118429412512
24215,1,0.03173803526448363
24216,1,0.03033058236583205
24303,1,0.02712659075686537
24324,1,0.026215776002481966
24341,1,0.057094711800565
24343,1,0.14645228940929744
24344,1,0.09183794701199953
24441,1,0.02767639902676399
24442,1,0.05503187000628423
24443,1,0.03603366649132036
24461,1,0.04111951187160101
24470,1,0.0064498790647675355
24471,1,0.03228900255754476
24472,1,0.00560702096538274
24543,1,0.039323046291687404
24561,1,0.037787182587666265
24562,1,0.019696969696969695
25201,0,0.23030183367620552
25202,1,0.06925032880315651
25203,1,0.033750480651588775
25204,1,0.09855727010412746
25206,1,0.14805850943139362
25207,1,0.11765140143219234
25208,1,0.1148976760319112
25209,1,0.044870015727634376
25210,1,0.12397165431294291
25211,1,0.04482671571279166
25212,1,0.07693390251911619
25213,1,0.04767371931551036
25214,1,0.06480324797001874
25383,1,0.018281172379533035
25384,1,0.02494154325798909
25425,1,0.030365626936583352
25441,1,0.04223132682004412
25442,1,0.034678226075358455
25443,1,0.03602262578148258
26100,3,0.2019345890776325
26101,1,0.09408260606944242
26102,1,0.11172646981665549
26103,1,0.1377460803960863
26104,1,0.24572191343166003
26105,1,0.1991689144856747
26106,1,0.22905011823057847
26107,1,0.20038462451625158
26108,1,0.1891239407425471
26109,1,0.26969084553200784
26110,1,0.2751451510912679
26111,1,0.19490918776740082
26201,1,0.01813948451375352
26202,1,0.018251655629139073
26203,1,0.026974551002010957
26204,1,0.25418460962366596
26205,1,0.022101810922572365
26206,1,0.14587618264088853
26207,1,0.24205864386072082
26208,1,0.3338177368159394
26209,1,0.2805062630480167
26210,1,0.1501930763498408
26211,1,0.27126134734830387
26212,1,0.010712063294515068
26213,1,0.10106933425319076
26214,1,0.20102757928305676
26303,1,0.2961258151131569
26322,1,0.046219101945297644
26343,1,0.19340878828229027
26344,1,0.017210944395410415
26364,1,0.09381663113006397
26365,1,0.03266932270916335
26366,1,0.18749270796873177
26367,1,0.07423117709437964
26407,1,0.029709891646277527
26463,1,0.0
26465,1,0.014195239135182355
27100,3,0.39266694572502264
27102,1,0.3811455115659412
27103,1,0.4562959946478955
27104,1,0.32980809906549247
27106,1,0.4037642301860454
27107,1,0.4097073518915061
27108,1,0.1557410423452769
27109,1,0.4817326624371035
27111,1,0.44803534061846084
27113,1,0.384059595884097
27114,1,0.39624457661695833
27115,1,0.44566377980780636
27116,1,0.2954383464005702
27117,1,0.37275838867273203
27118,1,0.43729464476210794
27119,1,0.46740918589658087
27120,1,0.4112359168691692
27121,1,0.3609881335031435
27122,1,0.33394400276529557
27123,1,0.44034780792229156
27124,1,0.35684154742978275
27125,1,0.39195038439175656
27126,1,0.29466502971623093
27127,1,0.4334913503378498
27128,1,0.44546757182119284
27140,0,0.258728880387913
27141,1,0.2825975159344855
27142,1,0.13400100927759015
27143,1,0.3024572097199924
27144,1,0.2676213100320614
27145,1,0.22442477876106195
27146,1,0.3619256379502874
27147,1,0.08329148882751694
27202,1,0.19638035191720776
27203,0,0.34121001554756036
27204,1,0.2885532921213127
27205,0,0.3851604104061617
27206,1,0.269433465085639
27207,0,0.1967572362156451
27208,1,0.2177643135358061
27209,1,0.28489317512195905
27210,0,0.25626828559050957
27211,0,0.2696560384697847
27212,1,0.25420971642119145
27213,1,0.2380751816363062
27214,1,0.2030070573795643
27215,1,0.24191896431644067
27216,1,0.2393200468933177
27217,1,0.23802201359663322
27218,1,0.24943824432626768
27219,1,0.18957071825924285
27220,1,0.19136528553204885
27221,1,0.3139465689498575
27222,1,0.21179227827803132
27223,1,0.22696306214066314
27224,1,0.25683073895602593
27225,1,0.326
27226,1,0.2664925783397471
27227,0,0.2623533029262543
27228,1,0.19853387874124176
27229,1,0.24750903100313604
27230,1,0.31425049451021986
27231,1,0.22557292959377845
27232,1,0.22130260992240772
27301,1,0.4454834993562377
27321,1,0.25710401087695445
27322,1,0.03617571059431524
27341,1,0.2234722222222222
27361,1,0.14232436246346133
27362,1,0.2554112554112554
27366,1,0.26060500695410294
27381,1,0.16247770390789687
27382,1,0.046453753629199505
27383,1,0.043652784746613146
28100,3,0.3280245037021632
28101,1,0.4789250622021676
28102,1,0.42067721570878086
28105,1,0.3480387756933848
28106,1,0.33344013670831996
28107,1,0.3725772041579035
28108,1,0.2403701073932724
28109,1,0.2567918216775565
28110,1,0.4116711234471787
28111,1,0.1924629108429137
28201,0,0.09268767948833792
28202,0,0.2757995419070241
28203,0,0.2804338877624137
28204,0,0.3584515084098798
28205,1,0.003980459562149448
28206,1,0.38317977793527047
28207,1,0.17478605520311366
28208,1,0.07480990924699533
28209,1,0.019213522841535994
28210,0,0.13753787472238962
28212,1,0.05540218943360305
28213,1,0.017683939767429397
28214,1,0.34457974637608113
28215,1,0.07511304397914807
28216,1,0.13038181330864257
28217,1,0.3085569419203103
28218,1,0.05076942751182915
28219,1,0.1668800434512725
28220,1,0.01773117254528122
28221,1,0.05341062584421432
28222,1,0.012020663620107291
28223,1,0.023762172541489508
28224,1,0.0019974087670049665
28225,1,0.036945634027727374
28226,1,0.006254930688605883
28227,1,0.0035354745925215724
28228,1,0.01616220981486923
28229,1,0.05514060997001075
28301,1,0.10382156349898286
28365,1,0.007759353741496599
28381,1,0.035742538655160014
28382,1,0.18246536685479733
28442,1,0.06173291811687122
28443,1,0.05073684210526316
28446,1,0.07138677589233469
28464,1,0.056278953299111055
28481,1,0.06407430730478589
28501,1,0.03738863735942748
28585,1,0.021102318478411774
28586,1,0.01629051416935347
29201,0,0.24091053400215887
29202,1,0.2347142857142857
29203,1,0.22590139808682855
29204,1,0.12133506608767314
29205,1,0.24452439680272992
29206,1,0.18931648015457692
29207,1,0.07414775296138891
29208,1,0.1286493423163298
29209,1,0.3829857390157448
29210,1,0.3307107264621033
29211,1,0.20791664171507276
29212,1,0.14600946905647616
29322,1,0.010043041606886656
29342,1,0.3447776900815575
29343,1,0.34283387622149836
29344,1,0.24654469920907565
29345,1,0.1570796460176991
29361,1,0.23002488249930883
29362,1,0.19336823734729494
29363,1,0.20071433573779676
29385,1,0.018145161290322582
29386,1,0.026717557251908396
29401,1,0.1858267716535433
29402,1,0.12822921559417566
29424,1,0.10785890425645973
29425,1,0.3347170832957314
29426,1,0.12857948493013346
29427,1,0.2418474251143574
29441,1,0.07222699914015478
29442,1,0.12671140939597317
29443,1,0.085785536159601
29444,1,0.029045643153526972
29446,1,0.014814814814814815
29447,1,0.006097560975609756
29449,1,0.002390438247011952
29450,1,0.0
29451,1,0.02830188679245283
29452,1,0.011547344110854504
29453,1,0.005376344086021506
30201,0,0.05130465444287729
30202,1,0.0525671173819322
30203,1,0.16101575192484283
30204,1,0.045563549160671464
30205,1,0.025155986926809943
30206,1,0.007472499278406722
30207,1,0.010020763744696218
30208,1,0.04804339403332042
30209,1,0.03784958582793406
30304,1,0.00762660158633313
30341,1,0.07474687313877308
30343,1,0.12761647535449022
30344,1,0.02356637863315004
30361,1,0.04469646430953969
30362,1,0.05261180007515971
30366,1,0.030177799135031234
30381,1,0.021305841924398626
30382,1,0.02753368482718219
30383,1,0.03400093153237075
30390,1,0.04382736701237872
30391,1,0.02031316123571731
30392,1,0.012452350698856416
30401,1,0.012984028495920947
30404,1,0.005799971707455086
30406,1,0.030405405405405407
30421,1,0.03613401157691633
30422,1,0.02782462057335582
30424,1,0.01768867924528302
30427,1,0.005780346820809248
30428,1,0.022288522288522288
31201,0,0.02154400548272279
31202,1,0.014512458673841794
31203,1,0.009052281544430076
31204,1,0.019577377252952145
31302,1,0.034688995215311005
31325,1,0.03143093465674111
31328,1,0.03984206748025843
31329,1,0.036632390745501286
31364,1,0.005307855626326964
31370,1,0.017212152823053852
31371,1,0.03569102514002866
31372,1,0.013599274705349048
31384,1,0.01340033500837521
31386,1,0.04051863857374392
31389,1,0.0035700119000396666
31390,1,0.022451081359423274
31401,1,0.02396644697423607
31402,1,0.036021926389976505
31403,1,0.03260869565217391
32201,0,0.008076387908608764
32202,1,0.009310847698463149
32203,0,0.01454097492458956
32204,1,0.0036499855921621363
32205,1,0.017303822937625755
32206,1,0.017276194749831726
32207,1,0.01688299900154307
32209,1,0.007430758838099527
32343,1,0.00899177348383394
32386,1,0.0
32441,1,0.0
32448,1,0.0
32449,1,0.0006720430107526882
32501,1,0.011133603238866396
32505,1,0.0003736920777279522
32525,1,0.0009328358208955224
32526,1,0.0024410089503661514
32527,1,0.007782101167315175
32528,1,0.0011589403973509935
33100,0,0.04207115921416811
33101,0,0.044200654573544655
33102,1,0.043592574300572326
33103,1,0.05609492988133765
33104,1,0.029018932001926147
33202,0,0.035002783196044586
33203,1,0.008666666666666666
33204,1,0.020806503541532517
33205,1,0.028665229321834573
33207,1,0.01583011583011583
33208,1,0.053197073080366794
33209,1,0.023433284513990595
33210,1,0.02025435704192181
33211,1,0.06232782369146005
33212,1,0.058709949918542205
33213,1,0.017581973424948213
33214,1,0.01637371835111948
33215,1,0.01121894755587214
33216,1,0.05501769379715564
33346,1,0.04030931227377427
33423,1,0.05278745644599303
33445,1,0.060384615384615384
33461,1,0.019284654689302787
33586,1,0.0056657223796034
33606,1,0.0037972280235428137
33622,1,0.012451520718513982
33623,1,0.002260738507912585
33643,1,0.00872093023255814
33663,1,0.07514761137949544
33666,1,0.021618724316598177
33681,1,0.004555808656036446
34100,3,0.10942035876377783
34101,1,0.10167460485999454
34102,1,0.06765090959206174
34103,1,0.07336496103015927
34104,1,0.13050827511687868
34105,1,0.1567538397675384
34106,1,0.058328537431366755
34107,1,0.16058035483370403
34108,1,0.09627119660554448
34202,0,0.06019369745833538
34203,1,0.03956107421311002
34204,1,0.0319248152665184
34205,1,0.018571762896593225
34207,0,0.026009697581210234
34208,1,0.027906160416544784
34209,1,0.015363189276232755
34210,1,0.0032299306910705873
34211,1,0.1010942760942761
34212,0,0.055305910819218804
34213,1,0.13531566472742942
34214,1,0.011272936723442772
34215,1,0.0033482142857142855
34302,1,0.06842186415850744
34304,1,0.11125951649525845
34307,1,0.008411214953271028
34309,1,0.17453598176489743
34368,1,0.0021114864864864866
34369,1,0.0008162313432835821
34431,1,0.001257071024512885
34462,1,0.0042422469280280865
34545,1,0.0017600469345849222
35201,0,0.04612751462826501
35202,1,0.01666580538473464
35203,0,0.024940491371248832
35204,1,0.0077129953823514485
35206,1,0.016151234284665503
35207,1,0.022136942031912746
35208,1,0.04418057154640592
35210,1,0.029498391408763425
35211,1,0.01629721704302189
35212,1,0.032547528517110264
35213,1,0.012114219786558985
35215,1,0.022627490712597096
35216,1,0.033225625175611125
35305,1,0.008415147265077139
35321,1,0.09493219129193434
35341,1,0.003778337531486146
35343,1,0.03611940298507463
35344,1,0.008737092930897538
35502,1,0.01977848101265823
36201,0,0.008899726229984419
36202,1,0.01511508072827207
36203,1,0.024211997966446366
36204,1,0.02428816240442921
36205,1,0.03191027944730157
36206,1,0.010943615016669083
36207,1,0.01851366692865252
36208,1,0.021081859317153433
36301,1,0.0019704433497536944
36302,1,0.0
36321,1,0.00273224043715847
36341,1,0.028491620111731845
36342,1,0.0032552083333333335
36368,1,0.003475842891901286
36383,1,0.02553191489361702
36387,1,0.04620168813860506
36388,1,0.009198045415349238
36401,1,0.0017145306472353193
36402,1,0.008071249652101308
36403,1,0.012328148195959466
36404,1,0.01947819871336669
36405,1,0.005951115834218916
36468,1,0.026343519494204427
36489,1,0.025611930620846168
37201,0,0.050599153169448324
37202,1,0.02056251477192153
37203,1,0.04653615148319655
37204,1,0.023565034228541337
37205,1,0.016133540992771853
37206,1,0.048476257973068745
37207,1,0.03726298433635614
37208,1,0.021171139276357713
37322,1,0.0010716199321307376
37324,1,0.0025592902235113462
37341,1,0.04827318587504851
37364,1,0.0012779552715654952
37386,1,0.04525815510909484
37387,1,0.056741028128031036
37403,1,0.04512095678173417
37404,1,0.03966480446927374
37406,1,0.023283346487766376
38201,0,0.03743480869525084
38202,1,0.008667945213753945
38203,1,0.007656481546820973
38204,1,0.00884321223709369
38205,1,0.004823601996746873
38206,1,0.01407002891101831
38207,1,0.02010708589655958
38210,1,0.05590376701487813
38213,1,0.01156008060239686
38214,1,0.013361611876988335
38215,1,0.04941264217788551
38356,1,0.0006818956699624957
38386,1,0.0007049700387733521
38401,1,0.06265736277965614
38402,1,0.002342419080068143
38422,1,0.028093337427080135
38442,1,0.0012944983818770227
38484,1,0.028169014084507043
38488,1,0.0068319838056680165
38506,1,0.005513527375304526
39201,0,0.019156203194333626
39202,1,0.0018008747105737071
39203,1,0.024024024024024024
39204,1,0.022545909047206998
39205,1,0.004300430043004301
39206,1,0.02510016497761018
39208,1,0.008868877063719471
39209,1,0.0046696240952603316
39210,1,0.0043921685401622865
39211,1,0.02451257417349534
39212,1,0.023850974930362118
39301,1,0.006493506493506494
39302,1,0.02633889376646181
39303,1,0.022094140249759846
39304,1,0.03055229142185664
39305,1,0.008264462809917356
39306,1,0.0026666666666666666
39307,1,0.03512396694214876
39341,1,0.002228826151560178
39344,1,0.027855153203342618
39363,1,0.0013012361743656475
39364,1,0.0
39386,1,0.032050606220347916
39387,1,0.0011641443538998836
39401,1,0.04483925549915398
39402,1,0.04488025645860833
39403,1,0.01959890610756609
39405,1,0.001430615164520744
39410,1,0.042797975149562816
39411,1,0.003982300884955752
39412,1,0.01777634130575307
39424,1,0.0050568900126422255
39427,1,0.009787928221859706
39428,1,0.01847903340440654
40100,0,0.07662295463583546
40101,1,0.08395061728395062
40103,1,0.035453687011760666
40105,1,0.08581503200337282
40106,1,0.06273538667904865
40107,1,0.09868344278121387
40108,1,0.06733432772213936
40109,1,0.07807442271452658
40130,3,0.16684870426049783
40131,0,0.18878183853946673
40132,1,0.1580402356264425
40133,1,0.16779107965694381
40134,1,0.1284463804190002
40135,1,0.20777027027027026
40136,1,0.13103852596314908
40137,1,0.17143827882203636
40202,1,0.03751297167207613
40203,0,0.06283101682516459
40204,1,0.04796511627906977
40205,1,0.03693630461484471
40206,1,0.035358160358160355
40207,1,0.047543347258678696
40210,1,0.00811819475972452
40211,1,0.03987887059626376
40212,1,0.012690019828155982
40213,1,0.06341712389945132
40214,1,0.04637736938323872
40215,1,0.0922845125243267
40216,1,0.17151382248265448
40217,1,0.21548835918994472
40218,1,0.16734542761940022
40219,1,0.1986481498569715
40220,1,0.12012667642331037
40221,1,0.17124071832782703
40223,1,0.14150409951936668
40224,1,0.16419046238585303
40225,1,0.0277386768237145
40226,1,0.013370619592764135
40227,1,0.018814139110604332
40228,1,0.020018450184501844
40229,1,0.048769190047644254
40230,1,0.16185848102379172
40231,1,0.09397810218978102
40341,1,0.05046457607433217
40342,1,0.17049847405900306
40343,1,0.05437505799387585
40344,1,0.08863654285939594
40345,1,0.19937205651491366
40348,1,0.023556581986143188
40349,1,0.17845925667422788
40381,1,0.015495550782448604
40382,1,0.07335685566587347
40383,1,0.10047917434574272
40384,1,0.07853526433533498
40401,1,0.06284597850862911
40402,1,0.04596480582524272
40421,1,0.05831788302713636
40447,1,0.03412462908011869
40448,1,0.009358288770053475
40503,1,0.04832251829352478
40522,1,0.055104151277884476
40544,1,0.008117424663627266
40601,1,0.0515863405182853
40602,1,0.039316239316239315
40604,1,0.03909643788010426
40605,1,0.03985507246376811
40608,1,0.008551307847082495
40609,1,0.04067796610169491
40610,1,0.05868966343274644
40621,1,0.07104947782913884
40625,1,0.029568890545409367
40642,1,0.035922330097087375
40646,1,0.01567209162145871
40647,1,0.06280641314429575
41201,0,0.013326721626479887
41202,0,0.033320126035357826
41203,1,0.08066646062206738
41204,1,0.03367003367003367
41205,1,0.01468515037593985
41206,1,0.026784952657169667
41207,1,0.02646728971962617
41208,1,0.02449300861190851
41209,1,0.005965817478232828
41210,1,0.024363536819052834
41327,1,0.037492317148125384
41341,1,0.15198107628622118
41345,1,0.025175776820140622
41346,1,0.027404526166902404
41387,1,0.003387278885961611
41401,1,0.042059145673603505
41423,1,0.02868554829339143
41424,1,0.03910963178697732
41425,1,0.02278932997269481
41441,1,0.04295185932545402
42201,0,0.05041813496029033
42202,0,0.0230309453894671
42203,1,0.007476941548873001
42204,1,0.04213540281319919
42205,1,0.02755485961592832
42207,1,0.010505581089954037
42208,1,0.01797253634894992
42209,1,0.00041013862685587726
42210,1,0.0015389350569405972
42211,1,0.0010284287078527877
42212,1,0.0008437394532568343
42213,1,0.021482214589276356
42214,1,0.00394563787812363
42307,1,0.07387914230019493
42308,1,0.004445043103448276
42321,1,0.03432228039557882
42322,1,0.036751080914144536
42323,1,0.007156147130385
42383,1,0.0012406947890818859
42391,1,0.02844574780058651
42411,1,0.002592440987856461
43100,0,0.028082898279225724
43202,0,0.018145926657049578
43203,1,0.0024
43204,1,0.025965801139962
43205,1,0.011312443688056863
43206,1,0.02377257336343115
43208,1,0.0012617412028599468
43210,1,0.004743740219092332
43211,1,0.04083742569139313
43212,1,0.014168006430868168
43213,1,0.035451422963689895
43214,1,0.016999813188866057
43215,1,0.000959600806064677
43216,1,0.03227819574940193
43348,1,0.0023124357656731757
43364,1,0.06287563569116968
43367,1,0.0035952747817154596
43368,1,0.037295081967213116
43369,1,0.004879301489470981
43403,1,0.03214020665639093
43404,1,0.045952683316871266
43423,1,0.0024125452352231603
43424,1,0.0003536067892503536
43425,1,0.00392156862745098
43428,1,0.004355400696864111
43432,1,0.0091324200913242
43433,1,0.013643254168772108
43441,1,0.0016431603450636724
43442,1,0.003000230786983614
43443,1,0.004422110552763819
43444,1,0.001845444059976932
43447,1,0.0008254230293025176
43468,1,0.03488372093023256
43482,1,0.016699092088197146
43484,1,0.02556976097832129
43501,1,0.0031256511773286103
43505,1,0.009551605200318386
43506,1,0.004801097393689987
43507,1,0.005069708491761723
43510,1,0.002325581395348837
43511,1,0.0
43512,1,0.002728512960436562
43513,1,0.004419889502762431
43514,1,0.007343550446998723
43531,1,0.000718132854578097
44201,0,0.0237997412406462
44202,1,0.03223433295258746
44203,1,0.014731136631963078
44204,1,0.004543125533731853
44205,1,0.008280992315519842
44206,1,0.031376916022533737
44207,1,0.03215480867161356
44208,1,0.012861326881446582
44209,1,0.008465259454705365
44210,1,0.02233336207639907
44211,1,0.014736561764836432
44212,1,0.0367663023811247
44213,1,0.03717166175159454
44214,1,0.0025664527956003667
44322,1,0.0
44341,1,0.0571773220747889
44461,1,0.01745254133496632
44462,1,0.015365512959801335
45201,0,0.009005366666851278
45202,0,0.007289797045423168
45203,1,0.006984585741811176
45204,1,0.018737308473324717
45205,1,0.004712182061579652
45206,1,0.014236148370712165
45207,1,0.009259259259259259
45208,1,0.001392757660167131
45209,1,0.01998274870615296
45341,1,0.010726142844981697
45361,1,0.014426028238182934
45382,1,0.0006249218847644045
45383,1,0.0003368137420006736
45401,1,0.017903364969801553
45402,1,0.01555190289543558
45403,1,0.0
45404,1,0.010309278350515464
45405,1,0.018473652331920047
45406,1,0.03942115768463074
45421,1,0.014774686037921694
45429,1,0.0
45430,1,0.0
45431,1,0.001722158438576349
45441,1,0.0
45442,1,0.0
45443,1,0.0
46201,0,0.040615664418134606
46203,1,0.000724966017217943
46204,1,0.004428798546445605
46206,1,0.023558586484810913
46208,1,0.014384228116935313
46210,1,0.03877563742908796
46213,1,0.0004571080298643913
46214,1,0.0011955593509820667
46215,1,0.016669421292470427
46216,1,0.04043595732014471
46217,1,0.002668205091223769
46218,1,0.023331019110607667
46219,1,0.044715447154471545
46220,1,0.0010670840150814541
46221,1,0.0003282455276546857
46222,1,0.00010379904504878556
46223,1,0.0061271017383870046
46224,1,0.002622122948431582
46225,1,0.05019458568871971
46303,1,0.0
46304,1,0.0
46392,1,0.0019002906326849988
46404,1,0.0018731602890018732
46452,1,0.03660280240205891
46468,1,0.0
46482,1,0.0
46490,1,0.0
46491,1,0.0
46492,1,0.0005006675567423231
46501,1,0.0003109452736318408
46502,1,0.0004170141784820684
46505,1,0.0007751937984496124
46523,1,0.0
46524,1,0.0
46525,1,0.0008854781582054309
46527,1,0.0
46529,1,0.001105379513633014
46530,1,0.00022326412145568208
46531,1,0.00043122035360068997
46532,1,0.0012320328542094457
46533,1,0.0
46534,1,0.0008861320336730173
46535,1,0.0010070493454179255
47201,0,0.05555640162648676
47205,1,0.0009473684210526315
47207,1,0.0007597547077657785
47208,1,0.01381544571010555
47209,1,0.00014994189751471306
47210,1,0.0005212793685072793
47211,1,0.0006980802792321117
47212,1,0.002171552660152009
47213,1,0.0005437614699685072
47214,1,0.00042448825582492216
47215,1,0.0005257347142631828
47301,1,0.0
47302,1,0.0
47303,1,0.0
47306,1,0.00026737967914438503
47308,1,0.0005137866072957698
47311,1,0.00042707666026051675
47313,1,0.0
47314,1,0.0
47315,1,0.0
47324,1,0.0004350257908147412
47325,1,0.0007501875468867217
47326,1,0.0008586147681740126
47327,1,0.00030079711234772146
47328,1,0.001563314226159458
47329,1,0.00752162467092892
47348,1,0.0012907768129547055
47350,1,0.0013713658804168952
47353,1,0.0
47354,1,0.002242152466367713
47355,1,0.0
47356,1,0.0106951871657754
47357,1,0.0
47358,1,0.0
47359,1,0.0
47360,1,0.0017953321364452424
47361,1,0.0
47362,1,0.0004320276497695853
47375,1,0.007751937984496124
47381,1,0.0011675423234092236
47382,1,0.0
