,0,1,2,3,4,5,6,7,8,9,10,11,12,13,14,15,16,17,18,19,20,21,22,23,24,25,26,27,28,29,30,31,32,33,34
A1101,0.19379751987477184,-0.029556199391135463,0.020552491256938813,-0.004756911013804642,0.006644002691554869,0.0011146251520502682,-0.0018756300163735142,0.002647694232391327,-0.01784722253345161,-0.018317894884954767,0.021595635414778356,-0.07408913016999048,-0.07731526412613073,-0.11562392608167207,-0.06270864726757568,-0.014104677047698636,-0.05920506270824598,0.10578016637881835,-0.00336675683006148,0.056395356261158755,0.027297135789337,0.10694491945655811,0.038674034388149175,0.00033962801617816175,-0.06432318714069983,0.05820548122300828,0.2814566878852327,0.03183785616308219,0.05032777020527788,0.17493620893193312,0.19471180660016854,-0.42046432655349586,0.7506811478110782,0.017272992300521633,0.0
A1102,0.19384157270736213,-0.026128729053513433,0.016910800786347234,-0.0017132510165090388,0.005352689957974154,0.0021371507338697154,-0.0011805357660311768,0.0023614271528028257,-0.005960209722082449,-0.023503491748699794,0.024768143214785716,-0.09650408970900215,-0.08012074448708212,-0.10462885713265252,-0.040187306013426134,-0.028451846988464206,-0.052904566167011426,0.12100708972153638,-0.02434229046332564,0.03481614319758387,0.02037319416306556,0.09329709590458025,0.022532598471418707,0.016391025478127298,0.04283379397249418,0.020481936781154175,0.2633141680281064,0.05518407004514461,-0.19697446936476548,0.23283205566612977,0.031396594595014954,-0.04261109553756871,-0.320263086018523,0.7930652806814071,1.4038701590202953e-11
A1301,0.19357020294792468,-0.025326241537747977,0.003389896949883937,0.009142628070862278,0.005292575428193261,0.0036746172173476284,0.010706065715443596,0.008657566963756606,0.023750535236120137,-0.059943167585058306,0.04325039996755812,-0.16770917188590823,-0.05210193132899581,-0.041707225374661566,-0.09012334941226668,-0.0801634479200624,-0.035041728245483954,-0.2663935533839509,0.026098541134550072,-0.10045310799054558,0.07779115231916084,-0.07990840942334032,-0.030591376419439258,-0.05746521810694666,0.10210017574383536,-0.13704213849854524,0.02389940541543595,0.022776194103654453,-0.03329826020731063,0.11353895672234134,-0.2566070532432116,0.7163175121957459,0.4121331315574741,0.12513781027483137,6.596410158055809e-12
A1302,0.19322708717375714,-0.04192812476459793,0.03133289027958607,-0.016573570066522977,0.012463313559393141,-0.001895298239883053,-0.003406384405368278,0.0031804986868340184,-0.08609779502437138,-0.029062761032699815,0.035732651410865124,-0.06424934236841802,-0.10580008510070706,-0.10954144277066201,-0.09184287375238817,-0.019671809031865457,-0.11584495025340477,0.0567066853471532,0.03268829001515468,0.11259227118459324,0.04565272990702605,0.2630345630342592,0.036783107097639364,0.09465198407129868,-0.04973472834046236,0.08350227394861569,0.32368497930739415,0.02663215085862075,-0.41317844976173446,0.3474588804654898,0.0008819009000994517,0.1472590177060619,-0.25654567815185336,-0.5549352247496964,-8.906424528392486e-12
A1303,0.19313182880201635,0.006918708618866798,-0.006187899149052914,0.022904310222513675,-0.009243081104844257,0.009818821517303528,-0.0035618947916429603,-0.0030985520714143103,0.14515811685262997,0.012125886393381236,-0.01699421120271976,-0.08684993866993666,-0.03397001164428373,-0.20011116331939097,0.09555684314030143,0.02292077260633875,0.02143513652815175,0.42801055993375653,-0.16478405681496155,-0.05418750252197163,-0.0633697358071202,-0.21143337653218278,0.01863694915405879,-0.16947200094956294,0.1936604486478231,-0.04508826145552358,0.49334318591431553,0.05461255275006165,0.39003697160172424,-0.29898703659323933,-0.07151009158513412,0.13908337668671797,-0.1269685913498795,-0.1498060404669964,-2.4259026826852595e-12
A1401,0.1933837685901217,-0.0358393917036794,0.016280289149433275,-0.0043323894563193814,0.010292363523767821,-0.0002639802366767642,0.006185683281569968,0.010658062035920828,-0.04846124663938586,-0.04223186088908778,0.04225502889379671,-0.1259667660722967,-0.07924529330024066,-0.03681735976378054,-0.12799478829618002,-0.06028855390224277,-0.0814089555000769,-0.34245109157154174,0.06954625280746647,-0.0388609026590953,0.09995937293296112,0.04208581340213787,-0.05374708944822832,-0.18375905718940738,0.1989363921211498,-0.22548008061891703,0.03361503118186252,-0.05682867477821966,-0.11049031045172143,-0.3919292677964469,0.6788080598343843,0.011776276745426929,-0.10078939138426914,-0.0316517597520977,-8.940073754760009e-13
A1402,0.19347322551145746,-0.03324765523746435,0.013131852286730491,-0.001537340425606047,0.00936879061276658,0.0007241499857363635,0.006674700319794439,0.010354392342746273,-0.03493115758111172,-0.04565044643478317,0.041209564578065065,-0.13846075111209574,-0.07465286425149785,-0.03430375596112361,-0.1138952742244468,-0.07451967247988552,-0.05195133413359266,-0.3137980013365323,0.07228055280199329,-0.06125843983607415,0.11322025061723344,0.003435403306608542,-0.049263177957729734,-0.14698397929461074,0.17845115130852585,-0.22096634455271963,0.05526851520986244,-0.059753788867760005,-0.08599939497790549,-0.18225688418413202,-0.6268040764465732,-0.48097601983763055,-0.0922661586878956,-0.06283411412173542,-3.857296731093466e-12
B1101,0.02737992774637504,0.5296610100449278,-0.04339875869992988,-0.27588228938089066,-0.009056688099610764,-0.1127580623260562,-0.09000497334395123,-0.5846163135028405,-0.11287910568481745,-0.23215804695265133,-0.4411320771528234,-0.09133168157298398,-0.034806420593376124,-0.0003570195257802067,-0.07267425140417039,-0.030620430985153223,-0.021413000150805862,0.007901690983624173,-0.003813609631322115,0.0045250563925263625,-0.009450543712829962,-0.017959405610947353,-0.006818456323641663,0.0018950618491201767,0.0019489432466165163,-0.0010455059763922355,-0.0020074982141815756,0.00168032737693482,-0.0010338627841090544,3.785342079932214e-05,0.0008919190849506321,-0.0005605803905089241,0.0008966044286950481,-0.0002901912385878874,-5.745361947924538e-14
B1103,0.07834131761571163,0.5222983202320508,-0.2138532228193472,-0.11954020901104474,-0.0872764921045577,-0.020398446547042662,0.04606441781128183,-0.13231760822610475,0.0007374474367005335,0.2910725711401173,0.7339905345512897,0.08301030880099135,0.023954473253451392,0.0010125328206451738,-0.041852519999843435,0.003671263058252323,0.006209044343349639,0.002383450225074545,0.0013133098743452667,-0.008687036183898414,-0.003994420795556575,0.008141599957337594,0.017180574497571054,-0.000573455343134334,-0.010774250404968108,-0.005457314354327089,0.0029497821748154258,-0.0002510470331688229,0.004206373949057529,-0.0028320449764165177,-0.0015862428731342963,0.0009417647809071417,-0.001156945084749337,0.0002664354562591738,-2.1121356296489558e-14
B1104,0.002397907109423422,0.16155366734855509,-0.07672615320760938,0.0034903349656749036,0.9648303494215958,0.15937069327400435,-0.01829474645245638,0.09846440592489089,0.03292633711088621,0.01808897099073044,-0.006628087887194915,0.006651711912531823,-0.009894021663682997,-0.000701603975725018,0.0006502761983763299,-0.0010573798085191746,0.005572165550696728,0.0017423096453146455,-0.003406393949811876,0.00028640825381579936,-0.00276176448098137,0.0026925804710909037,0.00010539935738104277,0.002657276511807575,0.0002922866678112413,-0.00047579916104417523,-0.0009531176788192473,0.0005109842844072438,0.00011666555291730826,-0.000571917582818837,0.0001409785708986319,1.489187910356561e-05,3.66817561955299e-05,-9.576017609229885e-06,1.3454312950351513e-15
C120110,0.18777491988787964,-0.05978974112180299,0.0510576011844021,-0.06281601423639126,0.026010573132745716,-0.006878571631746033,-0.00935604880725289,0.00034887432566647344,-0.37030639363011364,-0.13554100754741896,0.0839647409831518,0.23767299334302716,-0.17969546262290162,0.0952766049470944,0.3096848321291791,-0.17343220714475863,-0.06071520685011175,-0.04964411793805383,-0.1858097458691082,0.018206022596687983,-0.2526783162253226,-0.11950018811352836,-0.15470608045616477,0.13055577137810692,-0.03390568293869686,-0.2862998709970545,0.037406327238425366,-0.4984821757119179,0.1749604948185566,0.20189854193268167,0.03868120693137895,-0.005900903601855874,-0.03656615342354104,-0.007550824859840969,-4.547291370933878e-13
C120120,0.19169375708953842,-0.029668346785396715,0.015893110713450325,-0.027673605107557644,0.012268073195210968,0.004246311902776239,0.0032574940403299942,-0.008228657551577378,-0.15399345148786256,-0.16350682325065738,0.07243555541626821,0.21410553543509936,-0.2224298077291284,0.061618515759112376,0.34935760263951887,-0.19010165060140952,-0.15335919325592223,0.02166214965129831,0.0272384203224588,0.09336594357387525,-0.08487808624303088,-0.12967640992940058,-0.0980459610438576,-0.30344217186134326,-0.28440285613655647,0.12951773196275967,-0.1022762501574264,0.558242085222795,-0.17786216392704898,-0.18582044657855362,-0.04412487213527445,0.011251652619464763,0.0300117249999025,0.007707298319135989,-1.315219600953925e-13
D2201,0.03949510380485911,-0.1070287520335484,-0.590034719963409,0.48459108189810063,-0.00838134150196514,0.11895960596701474,0.5156026422778058,-0.268825568262772,-0.19005460040353434,0.018603543677203706,-0.11057547942055918,0.021447517318534285,-0.024946258130282957,-0.002653874113238122,-0.029337771976616567,0.012033193790262988,0.012678933162190266,0.018252645302805452,0.010018884831845223,0.0009722639665178105,0.0007971249519985236,0.0033967128136252315,0.014636483788313845,0.005634662533225227,0.005190106442531434,-0.0025151261856528285,0.0010430425575884976,-0.0017761373361284462,0.0007029941337560825,9.261578989290816e-05,0.0007216390730127788,-8.097552952938998e-05,0.00012983214586224798,0.00011566935021391029,5.2763174211342725e-15
D2202,-0.023206852960914397,-0.20407553147850677,-0.1730664095452521,-0.4707301203338439,-0.10396983133926162,0.8232560168871305,-0.03790999350420385,-0.11834993162451958,0.03175522121467219,0.029628400996374284,0.0013975701627075194,-0.014050875373363901,0.00488511417172874,-0.0037242511596625536,-0.007154147018307212,-0.0035665090715045283,0.0024131396202409353,-0.002757890517096395,-0.007344930949618554,-0.0015675422879125502,0.0003746344517237499,-0.0013438797819407572,-0.0004293143718892155,-0.0011551845561907,-0.0019163895279420927,-0.002367706508302143,-0.00027965285216898444,0.0011241018300441055,-0.0006742246637212393,-0.00029232097340841425,5.8472440367310175e-05,-4.950363026689713e-05,5.9068942459444685e-05,2.526611345482264e-06,-3.732460564538039e-15
D2203,0.01772190077793151,0.20190830724179745,0.23537670425233861,0.6544849087253268,-0.07810616744938602,0.42319762905844543,-0.5061452576795169,-0.15308010790749357,-0.08046173013228232,-0.021283645917057368,0.04013257030394434,0.02968919480811174,0.000890288666532388,0.013682463011429653,-0.023865922070843395,-0.002648610261861809,-0.0026427499801857193,-0.01120575012127813,-0.0025127691644495596,0.002321391891180179,0.0019912541708272113,0.0025121478145244875,-0.00043225784075021816,0.0006737815721423205,0.0009124619031761385,0.0029480026393028927,0.0008217374097594283,-0.0015556070075458375,0.0002894199316740038,0.001130396412691437,-6.523333594918517e-05,0.00010960971023424436,9.393986501056334e-05,2.164617227272388e-05,-5.737210871537952e-15
D2211,-0.027417407576205567,0.27198243207766637,0.6267025533053423,0.053165743493309534,-0.030939439550488387,0.26179647397749123,0.6746673621651458,0.04372298590219638,-0.014881141234465815,0.022018451977350337,-0.035936178475389546,-0.017974463829620816,-0.01098167822596189,-0.017381630244885485,0.010425755871248766,-0.010967871213707892,0.0028706837792707293,0.0002590235211472413,0.002173241388102546,-0.003748719978388649,-0.009099065816471812,-0.0017207616123687565,-0.002716504283041519,-0.0020753599602920695,-0.0008744094602599065,-0.001627717532503328,-0.0005352976528445202,0.00278555780508798,-0.0004988951308684771,-6.50232235181682e-05,-0.00023008233923137378,-3.414682166541297e-05,0.00010420421290330728,-4.360371682157771e-05,-2.789461894568199e-15
D3201,0.19135259959063022,0.004100202708201948,0.011474728636478606,-0.014599179100448157,-0.0016276004529232294,0.014078292890614427,0.017573143772331046,-0.021936978882309825,0.1351222950926123,-0.189432996869787,0.015568162859998387,0.37525645624140974,-0.14404683167528945,0.09262939359648795,0.12509685338166787,0.06999827861414899,-0.040771431282133154,0.047974711759782046,0.4763441540982194,-0.03398583873637298,0.34954443125449325,-0.2563421303278323,0.4182307430513517,0.11593115838044167,0.24556994548266609,0.15510471531937867,-0.013819208312156783,-0.1458602604916737,0.011971352697821236,0.04566932297424772,0.022861764294665354,-0.006320266579051429,-0.006678917432217727,-0.0036872442784853837,-1.47076528346114e-14
D320101,0.1829187023120643,0.0030793672565816205,-0.02820163844276134,0.038132828478163794,-0.00985530621350305,0.020795084962913678,0.07448764606343361,-0.04553985219029057,0.44346062988259694,-0.4873053944927631,0.08844074768853714,0.4352886026463904,0.16728017926482974,0.14716773690970406,-0.19594841076998987,0.042448815929949736,0.15699786514201486,-0.04544419249604182,-0.23363767486354342,-0.06073501689604117,-0.07989617704367133,0.306275762592287,-0.2088288609097614,0.011717792745455313,0.010292067164301354,-0.04150783640631698,0.042925942679658845,0.039079805076421184,0.007612037535658769,-0.02305025455547916,-0.010990003804715409,0.001875695401519183,0.005083276931188258,0.0027449863045398005,2.2796084317016437e-13
E2101,0.19161005133695228,0.05740944974988787,-0.025398271986764667,0.009074514434976928,-0.021672434882168145,0.009722410569878213,-0.002977879925747101,0.0034408268082510023,0.11899327923775847,0.05991771786910155,-0.07165380544887726,-9.028805882490628e-05,0.025746318310397007,-0.3112002768131302,0.28154661415802856,0.3095368524793569,0.34907616736438585,-0.27063678291932974,-0.19133987423673904,0.5949127894849113,0.17102340785266543,-0.12242349140714817,-0.011850883637486397,0.1477953625430499,-0.06320592855862972,-0.06174914303640313,-0.04267968736915189,0.023595708179097154,-0.026321851624427507,-0.020878522675732546,-0.001452907952257228,-0.0030050400580832913,-0.004380725658568477,0.002675216129675716,5.629663055361161e-13
E2501,0.19323905017746998,-0.016063024025365746,-0.009117933430679102,0.02310673799027058,-0.0002349871294690354,0.006989153383300576,0.015477139387017854,0.0077678015558788355,0.09815627637744057,-0.06835750078332307,0.03935025968383581,-0.19903294779465305,-0.012298126134894392,-0.033732170548815825,-0.07803719079444049,-0.10098712233720455,0.0005543103946127876,-0.2535336387437729,-0.01898821779643077,-0.17803965641941,0.024334275748449485,-0.19111758653353056,-0.0007062307317214208,0.08889247995312774,-0.013730336444641736,0.0013522673099071122,-0.16145377156496593,0.3821336318868657,0.4994311440514704,0.47693660826290607,0.14250670426644524,-0.13112670489366043,-0.21914646536362895,-0.11098409628551645,-3.4848453506482674e-12
E3101,0.19208111835179698,0.041015600333928245,-0.007325247353318147,-0.01073088995039018,-0.012447717938953742,0.003120863959923782,-0.02792661206496059,-0.010453775001027232,0.003820359696720445,0.14511593799304978,-0.11333981415493921,0.030378628782745224,0.13238228817653103,-0.24207002873285435,0.3939801671218238,0.17878774860040408,0.2514313779456722,-0.13395667029589253,0.34321938017758574,-0.3901524226721746,-0.3957200353419754,0.37154723326007905,0.0888944850475497,-0.08097824787278719,0.029495752419315506,0.0030231078314268025,-0.007788466015296378,0.017843145472807576,0.008766912604564145,0.017899696346282242,-0.0050127218572298265,0.0063141189828447835,0.0056582041888334446,0.0038804514357676386,6.116604628438717e-13
E3501,0.19313178824117722,-0.008912632185598186,-0.014471582906094129,0.027626609170573756,-0.003217673100938432,0.00820919472743767,0.016705739621509803,0.005205618000810857,0.12652094618964455,-0.03810460991848062,0.012178635954841846,-0.1541158487345351,0.12415313759738263,-0.03998299515485642,-0.046006475120006544,-0.14700783629622444,0.013292585679505918,-0.1894468671994376,-0.025756017332267178,-0.23174895922258815,-0.1852206095478641,-0.3550047369662793,-0.049974854650735846,0.4285967993924521,-0.3297325644981825,0.4223292123064318,0.1454338498516022,-0.17055598740362068,-0.1775972730607252,-0.26824198241816016,0.0004974573498775974,-0.03380662780012779,-0.011504138484695173,0.010130103588377825,-2.1811425421433949e-13
E4101,0.19071172652366375,0.025163324542164266,0.00883273961697871,-0.021064682621137587,-0.0015370886432591966,-0.004204986212031894,-0.015171511043437419,0.002356262786462259,-0.10289229268115159,0.2521962298010263,-0.15277654894366308,0.1758023005363601,0.4515368427771818,-0.06804217927245447,0.23399355325905574,-0.19038981574353492,-0.1857056865578535,0.06508661108619554,-0.18131414223487313,-0.24233396428759318,0.5792615991635953,0.12470477036683542,-0.2125288736267473,0.07849878367580948,-0.020254617040560974,-0.0007373535746514074,-0.029424676527392314,0.010758353196935464,0.004623956377442328,-0.007006858928650614,0.005544336520483172,0.0017829373992708656,0.004218515990987513,0.0010438502096225249,2.521534438891224e-13
E4501,0.19158408231096768,-0.0046520546903726446,0.002248204461334093,0.007945621905707322,-0.00023396871626313494,0.0018045828247843924,0.005345729711200725,0.008771976040894162,0.07016916586436595,0.13414882032324146,-0.09802819026029087,0.0705565094092112,0.5613087762100237,0.09306357593285577,-0.11167473342348479,-0.3486897394642399,-0.18545118923468193,-0.017142636809169765,0.15096789697847623,0.4271964366670288,-0.3537348665181563,-0.0830598599268375,0.2542815733234422,-0.11401824540546884,0.09086394542234712,-0.08687390962172703,-0.009900366751867232,0.0054218937710285055,0.007342203576113029,0.045889052934485135,-0.006279145912112455,0.0037239153504000783,-0.00010762336889227169,-0.0009492851848824025,-3.497732470377451e-14
E9106,0.19037524268517456,-0.06842236493475806,0.05803178592016527,-0.034728636993949596,0.023062990069562996,-0.007376547751301314,-0.009263821876320464,0.011909774740949461,-0.23522671657874722,-0.12030658790967909,0.08046206417588238,-0.13619662473011337,-0.013879743259181244,0.08018868112502857,-0.07917842507479234,-0.13535772688746792,0.23215292916914873,0.15348702068704662,-0.2234913059600764,-0.05479006988701281,0.08902378968042036,0.27243306510310106,0.6016858212123651,0.2588788450056674,-0.19750586877295787,-0.1954106772342491,-0.16981848217503528,0.11199762851571739,0.07382980771842668,-0.2411441441995067,-0.04358517226725111,0.04250386253044353,-0.00655085725523382,0.011238567635599507,7.055860294146688e-13
F1101,0.1938119906317902,-0.01873900796560714,0.007724776474605486,0.00023644862937169703,0.003347110960676684,0.005735836162522245,0.0054726033192736825,0.00988158247622247,-0.008329430843959006,-0.049553787735844755,0.037164431927209585,-0.1413908197975836,-0.06292014850863668,-0.056512264843445986,-0.024988010233030915,-0.0334335286058241,-0.0481435890261425,0.05899356667193628,-0.04500914574329688,0.11658469162625677,0.031617371100327474,0.1845526635511933,-0.03835708806233807,-0.21760658980615843,0.027702005747927777,0.39172224035487097,-0.2565406953385366,-0.2445078473415178,0.1484656855278276,-0.020699155481267564,-0.028495808412689554,0.033595447355855804,-0.032253725746364814,0.0034012571995228535,0.7200617734042044
F1102,0.19378899468221408,-0.01887067613015459,0.007759932651775322,-0.0004854368634173123,0.003622260703029288,0.00563107625170381,0.005650782328403593,0.0104217600574035,-0.014773613630520233,-0.052552113737992213,0.039296265721323366,-0.14477685826840617,-0.06133299302434232,-0.052917864040362146,-0.01976254958856242,-0.038191029803158194,-0.040927723708517535,0.05057852924047359,-0.06458735263693512,0.11580084779645883,0.031840026510884266,0.18727623070091792,-0.02825352537015817,-0.23510424311750933,0.04377547744878463,0.4193411494843784,-0.2587743687989814,-0.2519088165515713,0.1477210598012688,-0.01640687772648439,-0.028210314748356474,0.03289208374225886,-0.03201848082234555,0.002733349101567953,-0.6933891966091337
F1107,0.19291894206898347,-0.015198664662518842,0.006758614852811969,0.018857098676656598,-0.003776588342297015,0.008394339080910886,0.0008341561310281102,-0.0041291443428839,0.15797487820532952,0.028173968683764913,-0.01811543561399099,-0.05295698861960348,-0.10338144964009714,-0.14880356660775937,-0.15959747299410004,0.0895520089846201,-0.23392190308722943,0.27562369131601233,0.460394561629864,0.13591144658546503,0.025631072397827543,0.11287759701794024,-0.29870431336123116,0.23544871295000572,-0.38715740703902135,-0.3237660939711629,-0.19695135449717122,-0.05171017371623174,0.16653624807066655,-0.13126821060147498,-0.035642157720740565,0.051482470926531396,-0.03807499127917027,0.02060518454108008,-0.026878699889168474
F1108,0.19191364662019775,0.012103006284616483,-0.021173289697899604,0.04221512693926507,-0.012654684036902097,0.013311718301999379,0.007873843465475218,-0.006483201508073766,0.22421425904376505,-0.039727499762067374,0.018841444531568257,-0.21411540597130962,0.022260370946472863,-0.05989854512673611,0.08322079634685128,-0.05418227513067318,0.1761638084325875,0.4056834487650075,-0.12885473804416714,-0.1737734139497808,-0.06736064537231191,-0.2980861966306389,-0.05754015408443855,-0.08129430103273175,0.18912196381609891,-0.2187170255663112,-0.4172787079349181,-0.0648288264565638,-0.4368499111985266,0.15506757993737583,0.07364096394292229,-0.10001916312600216,0.06296192323587294,-0.08016256885184649,-2.508898960283424e-12
F1301,0.0437176558186734,0.46614679261111686,-0.30862010867744644,-0.001408882527630003,-0.1947566314285561,0.13910128821343618,-0.020091274882534593,0.7173293558943463,-0.11845380950384495,-0.1534583278424623,-0.2581155654549825,0.012300965654777044,-0.04800745029274411,0.0038360647151796383,-0.06901142727798516,-0.028707555350865433,-0.003671504171705147,0.022334160951263338,0.002082214645492564,-0.01145824239744965,-0.012650199970518656,0.0038249935484790617,-0.0010820966402579693,0.008624701298277986,0.0031405750059229974,-0.007983282278653595,0.0029471062333824506,0.0036189843108323117,-0.005998205982316421,0.0019699927763189118,0.0016830348414087959,-0.0012504013942403257,0.0017196687768546565,-0.0007865885646961351,-5.2853213291837854e-14
F1307,0.18840449730783865,-0.06219243093386365,0.07110219240371381,-0.05853359806188153,0.02346308564858646,-0.016886644610252566,-0.025215969291905158,0.015100519880676832,-0.3116996702929492,0.1223608035409294,-0.020232513755594934,0.02121950550869341,0.06828518914326319,0.3288958770006101,-0.2316571870220386,-0.08025815010210038,0.6457957142829913,0.12640511758682363,0.2782207581231975,0.06896985286366021,0.09127428200385448,-0.08824346606988931,-0.3216385690446484,-0.05510036396550423,0.02410455079898202,0.09526967465295437,0.10805407079205205,0.06008859557129553,0.031672885693944615,0.014248494122375556,0.010135120012531867,0.018842611306195467,-0.0093622626727011,-0.005454767193778633,-1.6050733010141258e-13
F1311,0.19028557580513958,0.027441320294216493,-0.014235497219998013,0.00800059302453224,-0.003619707681080851,0.01932426680725402,0.019833652725088673,0.017084731755787154,0.010990021374569753,-0.061654623921034754,0.03134897660142036,-0.3526879247306161,0.17282056495791628,0.6531480636153062,0.26187048328481055,0.4942385538291965,-0.22773795509628234,0.011271895711909365,-0.018207478905293336,0.029759412262944825,-0.0002938210779594725,0.028794421954935197,-0.017884655552613746,0.026606754496968373,-0.005124265333310969,-0.021940660295719505,0.08333213110134541,0.02072557161199659,-0.002107395172784743,-0.004759585112652727,0.0011692973575674474,-0.008037159846920697,0.005628248418277761,-0.004141186173822812,-6.169785518754916e-14
I5101,0.182570329699985,0.0470296669159655,-0.012409223201495744,0.029024855659592733,-0.038103249530995635,-0.008193350571818907,-0.021846788025707303,-0.020759456852113937,0.37050469734061814,0.5635144320317377,-0.28913720004996696,0.1418238280767632,-0.45280942565289095,0.33544428530323955,-0.029745439521171948,-0.15819209172433707,0.01912663494316577,-0.07986703747242606,-0.174386967327776,-0.014260762908245586,-0.05001744218700496,0.10154089885142771,0.07491474522856618,0.00837600668154958,-0.04555887688384622,-0.01595011962514733,-0.0005807621989481954,-0.02788222281060881,-0.0027491054125013594,-0.000280385014990248,-0.0034494619688034836,0.004319448210686561,-0.0009833598992787039,-0.005189082747201964,-1.3492575354676284e-13
I5102,0.19044459031329292,-0.046373136076392596,0.060530141129940304,-0.04188314810478964,0.017183584885453403,-0.013541019450070467,-0.01627253260807329,0.01244024470955619,-0.16096280046248784,0.12754206413482166,-0.08580609592277566,0.25780522793691835,0.09819760094539978,-0.10170573727393092,-0.36641802084371883,0.4588858910302664,-0.06510584919391725,-0.032438880409681875,-0.14947524732872497,-0.1817422533460091,-0.013510807514459388,-0.2546339207785689,0.18679819679414655,-0.3859778607573458,-0.37063473927815355,-0.05350071249747713,-0.029768668053894692,-0.10871436660045931,-0.038724290096998806,0.09278436803990131,0.0015970043249685499,0.004866368712835347,-0.04236533680786174,0.003470218365350053,-3.4397212938820023e-13
I5103,0.189322146823493,-0.061912865497888527,0.07002122373708215,-0.05702247669136885,0.01985665454713471,-0.015898315122889334,-0.025819720918548464,0.009229615720238973,-0.2701048637341862,0.1432449686796919,-0.037894961459734,0.2017612403564016,-0.06498479691874115,-0.0919882030207759,-0.216872532436882,0.26813586502425174,-0.20912365674532432,0.05608978756781915,-0.1310401457382874,0.013436587582423679,-0.2373582882074452,-0.0003508697140741611,-0.1262171468153653,0.39612116382666435,0.4896437112960371,0.1467989835141546,-0.2012884722282543,0.25796128588012,-0.019701316767548625,-0.12701149926024574,-0.040713030596561485,0.00575799403919525,0.05890725003786053,0.008958707263522034,-5.3597946749473545e-14
