stats_data_id,stat_code,stat_name,gov_org_code,gov_org,statistics_name,title_no,title,cycle,survey_date,open_date,updated_date,main_category_code,main_category,sub_category_code,sub_category,overall_total_number,collect_area,small_area,description
0003454512,00200521,国勢調査,00200,総務省,令和２年国勢調査 従業地・通学地による人口・就業状態等集計　（主な内容：従業地・通学地による人口，昼夜間人口など）,17-1,利用交通手段 利用交通手段の種類数・利用交通手段，常住地又は従業地・通学地別通勤者・通学者数（15歳以上）－全国，都道府県,-,202010,2022-07-22,2026-05-29,02,人口・世帯,01,人口,32832,全国,0,
0003454513,00200521,国勢調査,00200,総務省,令和２年国勢調査 従業地・通学地による人口・就業状態等集計　（主な内容：従業地・通学地による人口，昼夜間人口など）,17-2,利用交通手段 利用交通手段の種類数・利用交通手段，常住地又は従業地・通学地別通勤者・通学者数（15歳以上）－全国，都道府県，市区町村,-,202010,2022-07-22,2026-05-29,02,人口・世帯,01,人口,746700,全国,0,
0003454515,00200521,国勢調査,00200,総務省,令和２年国勢調査 従業地・通学地による人口・就業状態等集計　（主な内容：従業地・通学地による人口，昼夜間人口など）,19,利用交通手段 利用交通手段の種類数・利用交通手段，従業地・通学地（全国［総数］，都道府県，市区町村）別通勤者・通学者数（15歳以上）－全国，都道府県，21大都市，21大都市の区，県庁所在市，人口10万以上の市（常住地）,-,202010,2022-07-22,2026-05-29,02,人口・世帯,01,人口,20066000,全国,0,
0003454517,00200521,国勢調査,00200,総務省,令和２年国勢調査 従業地・通学地による人口・就業状態等集計　（主な内容：従業地・通学地による人口，昼夜間人口など）,20,利用交通手段 利用交通手段の種類数・利用交通手段，常住地（全国，都道府県，市区町村）別通勤者・通学者数（15歳以上）－全国［総数］，都道府県，21大都市，21大都市の区，県庁所在市，人口10万以上の市（従業地・通学地）,-,202010,2022-07-22,2026-05-29,02,人口・世帯,01,人口,20066000,全国,0,
0000033360,00200521,国勢調査,00200,総務省,平成12年国勢調査 従業地・通学地集計その1（通勤・通学人口，従業地による就業者の産業別構成，利用交通手段など）,01101,利用交通手段（３１）、常住地による人口（４Ａ）、１５歳以上自宅外就業者・通学者数 （常住地）全国・都道府県,-,200010,2007-10-07,2026-05-29,02,人口・世帯,01,人口,6968,該当なし,0,
0000033361,00200521,国勢調査,00200,総務省,平成12年国勢調査 従業地・通学地集計その1（通勤・通学人口，従業地による就業者の産業別構成，利用交通手段など）,01102,利用交通手段（３１）、従業地・通学地による人口（３B）、１５歳以上自宅外就業者・通学者数 （常住地）全国・都道府県,-,200010,2007-10-07,2026-05-29,02,人口・世帯,01,人口,5332,該当なし,0,
0000033368,00200521,国勢調査,00200,総務省,平成12年国勢調査 従業地・通学地集計その1（通勤・通学人口，従業地による就業者の産業別構成，利用交通手段など）,01401,利用交通手段（３１）、１５歳以上自宅外就業者・通学者数 （従業地）１３大都市、常住地（５D）,-,200010,2007-10-07,2026-05-29,02,人口・世帯,01,人口,3170,該当なし,0,
0000033369,00200521,国勢調査,00200,総務省,平成12年国勢調査 従業地・通学地集計その1（通勤・通学人口，従業地による就業者の産業別構成，利用交通手段など）,01402,利用交通手段（３１）、１５歳以上自宅外就業者・通学者数 （従業地）１３大都市、（常住地）都道府県・市区町村,-,200010,2007-10-07,2026-05-29,02,人口・世帯,01,人口,63769,該当なし,0,
0000033362,00200521,国勢調査,00200,総務省,平成12年国勢調査 従業地・通学地集計その1（通勤・通学人口，従業地による就業者の産業別構成，利用交通手段など）,01103,利用交通手段（１９）、常住地による人口（４Ａ）、１５歳以上自宅外就業者・通学者数 （常住地）市区町村,-,200010,2007-10-07,2026-05-29,02,人口・世帯,01,人口,203876,該当なし,0,
0000033363,00200521,国勢調査,00200,総務省,平成12年国勢調査 従業地・通学地集計その1（通勤・通学人口，従業地による就業者の産業別構成，利用交通手段など）,01104,利用交通手段（１９）、従業地・通学地による人口（３B）、１５歳以上自宅外就業者・通学者数 （従業地）市区町村,-,200010,2007-10-07,2026-05-29,02,人口・世帯,01,人口,143352,該当なし,0,
0000033366,00200521,国勢調査,00200,総務省,平成12年国勢調査 従業地・通学地集計その1（通勤・通学人口，従業地による就業者の産業別構成，利用交通手段など）,01301,利用交通手段（１９）、１５歳以上自宅外就業者・通学者数 （常住地）人口１０万以上の市、従業地・通学地（５Ｄ）,-,200010,2007-10-07,2026-05-29,02,人口・世帯,01,人口,38970,該当なし,0,
0000033367,00200521,国勢調査,00200,総務省,平成12年国勢調査 従業地・通学地集計その1（通勤・通学人口，従業地による就業者の産業別構成，利用交通手段など）,01302,利用交通手段（１９）、１５歳以上自宅外就業者・通学者数 （常住地）人口１０万以上の市、（従通地）都道府県・市区町村,-,200010,2007-10-07,2026-05-29,02,人口・世帯,01,人口,373991,該当なし,0,
0000033370,00200521,国勢調査,00200,総務省,平成12年国勢調査 従業地・通学地集計その1（通勤・通学人口，従業地による就業者の産業別構成，利用交通手段など）,01403,利用交通手段（１９）、１５歳以上自宅外就業者・通学者数 （従業地）人口10万以上の市（１３大都市除く）、常住地（５D）,-,200010,2007-10-07,2026-05-29,02,人口・世帯,01,人口,37259,該当なし,0,
0000033371,00200521,国勢調査,00200,総務省,平成12年国勢調査 従業地・通学地集計その1（通勤・通学人口，従業地による就業者の産業別構成，利用交通手段など）,01404,利用交通手段（１９）、１５歳以上自宅外就業者・通学者数 （従業地）人口10万以上の市（１３大都市除く）、（常住地）市区町村,-,200010,2007-10-07,2026-05-29,02,人口・世帯,01,人口,412984,該当なし,0,
0000031735,00200521,国勢調査,00200,総務省,平成２年国勢調査 従業地・通学地集計その1,01101,従業地・通学地（４Ｂ），利用交通手段（４６），１５歳以上自宅外就業者・通学者数 （常住地）全国・都道府県,-,199010,2007-10-05,2026-05-29,02,人口・世帯,01,人口,8851,該当なし,0,
0000031736,00200521,国勢調査,00200,総務省,平成２年国勢調査 従業地・通学地集計その1,01102,常住地（４Ｂ），利用交通手段（４６），１５歳以上自宅外就業者・通学者数 （従業地・通学地）全国・都道府県,-,199010,2007-10-05,2026-05-29,02,人口・世帯,01,人口,6777,該当なし,0,
0000031743,00200521,国勢調査,00200,総務省,平成２年国勢調査 従業地・通学地集計その1,01401,常住地（４Ａ），利用交通手段（４６），１５歳以上自宅外就業者・通学者数 （従業地・通学地）１２大都市,-,199010,2007-10-05,2026-05-29,02,人口・世帯,01,人口,3812,該当なし,0,
0000031744,00200521,国勢調査,00200,総務省,平成２年国勢調査 従業地・通学地集計その1,01402,利用交通手段（４６），１５歳以上自宅外就業者・通学者数 （従業地・通学地）１２大都市，（常住地）都道府県・その他の都道府県・市区町村・その他の市区町村,-,199010,2007-10-05,2026-05-29,02,人口・世帯,01,人口,70084,該当なし,0,
0000031763,00200521,国勢調査,00200,総務省,平成２年国勢調査 従業地・通学地集計その1,02401,通勤・通学時間（１３），利用交通手段（４６），総数・１５歳以上自宅外就業者数・１５歳以上自宅外通学者数 （常住地）全国・都道府県,-,199010,2007-10-05,2026-05-29,02,人口・世帯,01,人口,70033,該当なし,0,
0003063774,00200521,国勢調査,00200,総務省,平成22年国勢調査 従業地・通学地による人口・産業等集計（人口の男女，年齢，就業者の産業（大分類）),01110,常住地又は従業地・通学地による利用交通手段(31区分)別15歳以上自宅外就業者・通学者数 全国，都道府県,-,201010,2012-06-26,2026-05-29,02,人口・世帯,01,人口,17280,該当なし,0,
0003063779,00200521,国勢調査,00200,総務省,平成22年国勢調査 従業地・通学地による人口・産業等集計（人口の男女，年齢，就業者の産業（大分類）),01410,従業地・通学地による常住市区町村，利用交通手段(31区分)別15歳以上自宅外就業者・通学者数 20大都市,-,201010,2012-06-26,2026-05-29,02,人口・世帯,01,人口,135900,該当なし,0,
0003389152,00200521,国勢調査,00200,総務省,平成12年国勢調査 最終報告書日本の人口（平成12年国勢調査の主要結果）,59,常住地による利用交通手段（31区分）別15歳以上自宅外就業者・通学者数－全国（平成12年）,-,200001-200012,2020-05-22,2026-05-29,02,人口・世帯,01,人口,350,該当なし,0,
0003033050,00200521,国勢調査,00200,総務省,平成22年国勢調査 速報集計 抽出速報集計,02300,常住地又は従業地・通学地による利用交通手段(16区分)別15歳以上自宅外就業者・通学者数 全国，都道府県，人口50万以上の市区,-,201010,2011-06-29,2026-05-29,02,人口・世帯,01,人口,16800,該当なし,0,
0003063775,00200521,国勢調査,00200,総務省,平成22年国勢調査 従業地・通学地による人口・産業等集計（人口の男女，年齢，就業者の産業（大分類）),01120,常住地又は従業地・通学地による利用交通手段(16区分)別15歳以上自宅外就業者・通学者数 全国，都道府県，市区町村,-,201010,2012-06-26,2026-05-29,02,人口・世帯,01,人口,393800,該当なし,0,
0003063777,00200521,国勢調査,00200,総務省,平成22年国勢調査 従業地・通学地による人口・産業等集計（人口の男女，年齢，就業者の産業（大分類）),01301,常住地による従業・通学市区町村，利用交通手段(16区分)別15歳以上自宅外就業者・通学者数 人口10万以上の市,-,201010,2012-06-26,2026-05-29,02,人口・世帯,01,人口,395420,該当なし,0,
0003063778,00200521,国勢調査,00200,総務省,平成22年国勢調査 従業地・通学地による人口・産業等集計（人口の男女，年齢，就業者の産業（大分類）),01302,常住地による従業・通学市区町村，利用交通手段(16区分)別15歳以上自宅外就業者・通学者数 20大都市の区,-,201010,2012-06-26,2026-05-29,02,人口・世帯,01,人口,277040,該当なし,0,
0003063780,00200521,国勢調査,00200,総務省,平成22年国勢調査 従業地・通学地による人口・産業等集計（人口の男女，年齢，就業者の産業（大分類）),01421,従業地・通学地による常住市区町村，利用交通手段(16区分)別15歳以上自宅外就業者・通学者数 人口10万以上の市（20大都市除く）,-,201010,2012-06-26,2026-05-29,02,人口・世帯,01,人口,311900,該当なし,0,
0003063781,00200521,国勢調査,00200,総務省,平成22年国勢調査 従業地・通学地による人口・産業等集計（人口の男女，年齢，就業者の産業（大分類）),01422,従業地・通学地による常住市区町村，利用交通手段(16区分)別15歳以上自宅外就業者・通学者数 20大都市の区,-,201010,2012-06-26,2026-05-29,02,人口・世帯,01,人口,369920,該当なし,0,
0000010108,00200502,社会・人口統計体系,00200,総務省,都道府県データ 基礎データ,0000010108,Ｈ　居住,年度次,0,2026-06-30,2026-06-30,99,その他,99,その他,304560,全国,0,"{""TABULATION_CATEGORY_EXPLANATION"":""社会・人口統計体系の都道府県ごとに集計したデータを提供します。""}"
0000032863,00200521,国勢調査,00200,総務省,平成12年国勢調査 1%抽出速報集計,02901,利用交通手段（１９）、常住地による人口（５）、１５歳以上自宅外就業者・通学者数 全国・都道府県・１３大都市・人口５０万以上の市区（３０）,-,200010,2007-10-06,2026-05-29,02,人口・世帯,01,人口,5987,該当なし,0,
0000032864,00200521,国勢調査,00200,総務省,平成12年国勢調査 1%抽出速報集計,02902,利用交通手段（１９）、従業地・通学地による人口（４）、１５歳以上自宅外就業者・通学者数 全国・都道府県・１３大都市・人口５０万以上の市区（３０）,-,200010,2007-10-06,2026-05-29,02,人口・世帯,01,人口,4616,該当なし,0,
0000031293,00200521,国勢調査,00200,総務省,平成２年国勢調査 1%抽出速報集計,021,利用交通手段（２０），常住地又は従業地・通学地（９），１５歳以上自宅外就業者・通学者数 全国・都道府県（４７）,-,199010,2007-10-05,2026-05-29,02,人口・世帯,01,人口,6570,該当なし,0,
0000031737,00200521,国勢調査,00200,総務省,平成２年国勢調査 従業地・通学地集計その1,01103,従業地・通学地（４Ｂ），利用交通手段（２０），１５歳以上自宅外就業者・通学者数 （常住地）市区町村,-,199010,2007-10-05,2026-05-29,02,人口・世帯,01,人口,209021,該当なし,0,
0000031738,00200521,国勢調査,00200,総務省,平成２年国勢調査 従業地・通学地集計その1,01104,常住地（４Ｂ），利用交通手段（２０），１５歳以上自宅外就業者・通学者数 （従業地・通学地）市区町村,-,199010,2007-10-05,2026-05-29,02,人口・世帯,01,人口,148839,該当なし,0,
0000031741,00200521,国勢調査,00200,総務省,平成２年国勢調査 従業地・通学地集計その1,01301,従業地・通学地（４Ａ），利用交通手段（２０），１５歳以上自宅外就業者・通学者数 （常住地）人口１０万以上の市・区,-,199010,2007-10-05,2026-05-29,02,人口・世帯,01,人口,37987,該当なし,0,
0000031742,00200521,国勢調査,00200,総務省,平成２年国勢調査 従業地・通学地集計その1,01302,利用交通手段（２０），１５歳以上自宅外就業者・通学者数 （常住地）人口１０万以上の市・区 （従業地・通学地）都道府県・その他の都道府県・市区町村・その他の市区町村,-,199010,2007-10-05,2026-05-29,02,人口・世帯,01,人口,340694,該当なし,0,
0000031745,00200521,国勢調査,00200,総務省,平成２年国勢調査 従業地・通学地集計その1,01403,常住地（４Ａ），利用交通手段（２０），１５歳以上自宅外就業者・通学者数 （従業地・通学地）人口１０万以上の市・区（１２大都市を除く）,-,199010,2007-10-05,2026-05-29,02,人口・世帯,01,人口,36309,該当なし,0,
0000031746,00200521,国勢調査,00200,総務省,平成２年国勢調査 従業地・通学地集計その1,01404,利用交通手段（２０），１５歳以上自宅外就業者・通学者数 （従業地・通学地）人口１０万以上の市・区（１２大都市を除く） （常住地）都道府県・その他の都道府県・市区町村・その他の市区町村,-,199010,2007-10-05,2026-05-29,02,人口・世帯,01,人口,389451,該当なし,0,
0000031764,00200521,国勢調査,00200,総務省,平成２年国勢調査 従業地・通学地集計その1,02402,通勤・通学時間（１３），利用交通手段（２０），総数・１５歳以上自宅外就業者数・１５歳以上自宅外通学者数 （常住地）市区町村,-,199010,2007-10-05,2026-05-29,02,人口・世帯,01,人口,1522117,該当なし,0,
0000031765,00200521,国勢調査,00200,総務省,平成２年国勢調査 従業地・通学地集計その1,02501,従業地・通学地（４Ｂ），利用交通手段（２０），通勤・通学時間（１３），１５歳以上自宅外就業者・通学者数 （常住地）全国・都道府県・人口１０万以上の市・区,-,199010,2007-10-05,2026-05-29,02,人口・世帯,01,人口,368631,該当なし,0,
0000031766,00200521,国勢調査,00200,総務省,平成２年国勢調査 従業地・通学地集計その1,02502,常住地（４Ｂ），利用交通手段（２０），通勤・通学時間（１３），１５歳以上自宅外就業者・通学者数 （従業地・通学地）全国・都道府県・人口１０万以上の市・区,-,199010,2007-10-05,2026-05-29,02,人口・世帯,01,人口,294133,該当なし,0,
0000033364,00200521,国勢調査,00200,総務省,平成12年国勢調査 従業地・通学地集計その1（通勤・通学人口，従業地による就業者の産業別構成，利用交通手段など）,01201,利用交通手段（９）、常住地による人口（４Ａ）、１５歳以上自宅外就業者・通学者数 （常住地）全国・都道府県・市区町村,-,200010,2007-10-07,2026-05-29,02,人口・世帯,01,人口,121399,該当なし,0,
0000033365,00200521,国勢調査,00200,総務省,平成12年国勢調査 従業地・通学地集計その1（通勤・通学人口，従業地による就業者の産業別構成，利用交通手段など）,01202,利用交通手段（９）、従業地・通学地による人口（３B）、１５歳以上自宅外就業者・通学者数 （従業地）全国・都道府県・市区町村,-,200010,2007-10-07,2026-05-29,02,人口・世帯,01,人口,87315,該当なし,0,
0000033372,00200521,国勢調査,00200,総務省,平成12年国勢調査 従業地・通学地集計その1（通勤・通学人口，従業地による就業者の産業別構成，利用交通手段など）,01501,利用交通手段（９）、１５歳以上自宅外就業者・通学者数 （常住地）人口１０万以上の市、従業地・通学地（５Ｄ）,-,200010,2007-10-07,2026-05-29,02,人口・世帯,01,人口,20706,該当なし,0,
0000033373,00200521,国勢調査,00200,総務省,平成12年国勢調査 従業地・通学地集計その1（通勤・通学人口，従業地による就業者の産業別構成，利用交通手段など）,01502,利用交通手段（９）、１５歳以上自宅外就業者・通学者数 （常住地）人口１０万以上の市、（従通地）都道府県・市区町村,-,200010,2007-10-07,2026-05-29,02,人口・世帯,01,人口,223726,該当なし,0,
0000033374,00200521,国勢調査,00200,総務省,平成12年国勢調査 従業地・通学地集計その1（通勤・通学人口，従業地による就業者の産業別構成，利用交通手段など）,01601,利用交通手段（９）、１５歳以上自宅外就業者・通学者数 （従業地）人口１０万以上の市、常住地（５D）,-,200010,2007-10-07,2026-05-29,02,人口・世帯,01,人口,20728,該当なし,0,
0000033375,00200521,国勢調査,00200,総務省,平成12年国勢調査 従業地・通学地集計その1（通勤・通学人口，従業地による就業者の産業別構成，利用交通手段など）,01602,利用交通手段（９）、１５歳以上自宅外就業者・通学者数 （従業地）人口１０万以上の市、（常住地）都道府県・市区町村,-,200010,2007-10-07,2026-05-29,02,人口・世帯,01,人口,272996,該当なし,0,
0003454514,00200521,国勢調査,00200,総務省,令和２年国勢調査 従業地・通学地による人口・就業状態等集計　（主な内容：従業地・通学地による人口，昼夜間人口など）,18,利用交通手段 利用交通手段，常住地又は従業地・通学地別通勤者・通学者数（15歳以上）－全国，都道府県，市区町村,-,202010,2022-07-22,2026-05-29,02,人口・世帯,01,人口,410685,全国,0,
0003454518,00200521,国勢調査,00200,総務省,令和２年国勢調査 従業地・通学地による人口・就業状態等集計　（主な内容：従業地・通学地による人口，昼夜間人口など）,21,利用交通手段 利用交通手段，従業地・通学地（全国［総数］，都道府県，市区町村）別通勤者・通学者数（15歳以上）－全国，都道府県，21大都市，21大都市の区，県庁所在市，人口10万以上の市（常住地）,-,202010,2022-07-22,2026-05-29,02,人口・世帯,01,人口,11036300,全国,0,
0003454519,00200521,国勢調査,00200,総務省,令和２年国勢調査 従業地・通学地による人口・就業状態等集計　（主な内容：従業地・通学地による人口，昼夜間人口など）,22,利用交通手段 利用交通手段，常住地（全国，都道府県，市区町村）別通勤者・通学者数（15歳以上）－全国［総数］，都道府県，21大都市，21大都市の区，県庁所在市，人口10万以上の市（従業地・通学地）,-,202010,2022-07-22,2026-05-29,02,人口・世帯,01,人口,11036300,全国,0,
0003410872,00200521,国勢調査,00200,総務省,平成22年国勢調査 最終報告書「日本の人口・世帯」統計表,40,常住地による利用交通手段（9区分）別15歳以上自宅外就業者・通学者数－全国，都道府県（平成22年）,-,201001-201012,2020-05-22,2026-05-29,02,人口・世帯,01,人口,960,該当なし,0,
0003063776,00200521,国勢調査,00200,総務省,平成22年国勢調査 従業地・通学地による人口・産業等集計（人口の男女，年齢，就業者の産業（大分類）),01200,常住地又は従業地・通学地による利用交通手段(9区分)別15歳以上自宅外就業者・通学者数 全国，都道府県，市区町村,-,201010,2012-06-26,2026-05-29,02,人口・世帯,01,人口,216590,該当なし,0,
0003063782,00200521,国勢調査,00200,総務省,平成22年国勢調査 従業地・通学地による人口・産業等集計（人口の男女，年齢，就業者の産業（大分類）),01501,常住地による従業・通学市区町村，利用交通手段(9区分)別15歳以上自宅外就業者・通学者数 人口10万以上の市,-,201010,2012-06-26,2026-05-29,02,人口・世帯,01,人口,217481,該当なし,0,
0003063783,00200521,国勢調査,00200,総務省,平成22年国勢調査 従業地・通学地による人口・産業等集計（人口の男女，年齢，就業者の産業（大分類）),01502,常住地による従業・通学市区町村，利用交通手段(9区分)別15歳以上自宅外就業者・通学者数 20大都市の区,-,201010,2012-06-26,2026-05-29,02,人口・世帯,01,人口,152372,該当なし,0,
0003063784,00200521,国勢調査,00200,総務省,平成22年国勢調査 従業地・通学地による人口・産業等集計（人口の男女，年齢，就業者の産業（大分類）),01601,従業地・通学地による常住市区町村，利用交通手段(9区分)別15歳以上自宅外就業者・通学者数 人口10万以上の市,-,201010,2012-06-26,2026-05-29,02,人口・世帯,01,人口,213070,該当なし,0,
0003063785,00200521,国勢調査,00200,総務省,平成22年国勢調査 従業地・通学地による人口・産業等集計（人口の男女，年齢，就業者の産業（大分類）),01602,従業地・通学地による常住市区町村，利用交通手段(9区分)別15歳以上自宅外就業者・通学者数 20大都市の区,-,201010,2012-06-26,2026-05-29,02,人口・世帯,01,人口,203456,該当なし,0,
0003389171,00200521,国勢調査,00200,総務省,平成12年国勢調査 最終報告書日本の人口（平成12年国勢調査の主要結果）,60,常住地による利用交通手段（9区分）別15歳以上自宅外就業者・通学者数－全国，都道府県（平成12年）,-,200001-200012,2020-05-22,2026-05-29,02,人口・世帯,01,人口,960,該当なし,0,
0000031294,00200521,国勢調査,00200,総務省,平成２年国勢調査 1%抽出速報集計,022,利用交通手段（１１），常住地又は従業地・通学地（９），１５歳以上自宅外就業者・通学者数 全国・都道府県（４７）,-,199010,2007-10-05,2026-05-29,02,人口・世帯,01,人口,3804,該当なし,0,
0000031739,00200521,国勢調査,00200,総務省,平成２年国勢調査 従業地・通学地集計その1,01201,従業地・通学地（４Ｂ），利用交通手段（１１），１５歳以上自宅外就業者・通学者数 （常住地）全国・都道府県・市区町村,-,199010,2007-10-05,2026-05-29,02,人口・世帯,01,人口,132223,該当なし,0,
0000031740,00200521,国勢調査,00200,総務省,平成２年国勢調査 従業地・通学地集計その1,01202,常住地（４Ｂ），利用交通手段（１１），１５歳以上自宅外就業者・通学者数 （従業地・通学地）全国・都道府県・市区町村,-,199010,2007-10-05,2026-05-29,02,人口・世帯,01,人口,94956,該当なし,0,
0000031747,00200521,国勢調査,00200,総務省,平成２年国勢調査 従業地・通学地集計その1,01501,従業地・通学地（４Ａ），利用交通手段（１１），１５歳以上自宅外就業者・通学者数 （常住地）人口１０万以上の市・区,-,199010,2007-10-05,2026-05-29,02,人口・世帯,01,人口,21079,該当なし,0,
0000031748,00200521,国勢調査,00200,総務省,平成２年国勢調査 従業地・通学地集計その1,01502,利用交通手段（１１），１５歳以上自宅外就業者・通学者数 （常住地）人口１０万以上の市・区 （従業地・通学地）都道府県・その他の都道府県・市区町村・その他の市区町村,-,199010,2007-10-05,2026-05-29,02,人口・世帯,01,人口,215148,該当なし,0,
0000031749,00200521,国勢調査,00200,総務省,平成２年国勢調査 従業地・通学地集計その1,01601,常住地（４Ａ），利用交通手段（１１），１５歳以上自宅外就業者・通学者数 （従業地・通学地）人口１０万以上の市・区,-,199010,2007-10-05,2026-05-29,02,人口・世帯,01,人口,21090,該当なし,0,
0000031750,00200521,国勢調査,00200,総務省,平成２年国勢調査 従業地・通学地集計その1,01602,利用交通手段（１１），１５歳以上自宅外就業者・通学者数 （従業地・通学地）人口１０万以上の市・区 （常住地）都道府県・その他の都道府県・市区町村・その他の市区町村,-,199010,2007-10-05,2026-05-29,02,人口・世帯,01,人口,274904,該当なし,0,
0000020108,00200502,社会・人口統計体系,00200,総務省,市区町村データ 基礎データ（オリジナル）,0000020108,Ｈ　居住,年度次,0,2026-06-19,2026-06-19,99,その他,99,その他,3895663,市区町村,0,"{""TABULATION_CATEGORY_EXPLANATION"":""社会・人口統計体系の市区町村ごとに集計したデータを提供します。""}"
0000020208,00200502,社会・人口統計体系,00200,総務省,市区町村データ 基礎データ（廃置分合処理済）,0000020208,Ｈ　居住,年度次,0,2026-06-19,2026-06-19,99,その他,99,その他,3362659,市区町村,0,"{""TABULATION_CATEGORY_EXPLANATION"":""社会・人口統計体系の市区町村ごとに集計したデータを提供します。"",""TABULATION_SUB_CATEGORY_EXPLANATION1"":""データは、2025年3月31日時点の市区町村で整備しています。""}"
0000033332,00200521,国勢調査,00200,総務省,平成12年国勢調査 従業地・通学地集計その1（通勤・通学人口，従業地による就業者の産業別構成，利用交通手段など）,00101,男女（３）、年齢（５歳階級２０Ｃ）、常住地による人口（７）、人口 （常住地）全国・都道府県・市区町村,-,200010,2007-10-07,2026-05-29,02,人口・世帯,01,人口,1101815,該当なし,0,
0000033333,00200521,国勢調査,00200,総務省,平成12年国勢調査 従業地・通学地集計その1（通勤・通学人口，従業地による就業者の産業別構成，利用交通手段など）,00102,男女（３）、年齢（５歳階級２０Ｃ）、常住地による人口（４Ｂ）、１５歳以上就業者数 （常住地）全国・都道府県・市区町村,-,200010,2007-10-07,2026-05-29,02,人口・世帯,01,人口,668304,該当なし,0,
0000033334,00200521,国勢調査,00200,総務省,平成12年国勢調査 従業地・通学地集計その1（通勤・通学人口，従業地による就業者の産業別構成，利用交通手段など）,00103,男女（３）、年齢（５歳階級２０Ｃ）、従業地・通学地による人口（３A）、人口 （従業地）全国・都道府県・市区町村,-,200010,2007-10-07,2026-05-29,02,人口・世帯,01,人口,497303,該当なし,0,
0000033335,00200521,国勢調査,00200,総務省,平成12年国勢調査 従業地・通学地集計その1（通勤・通学人口，従業地による就業者の産業別構成，利用交通手段など）,00104,男女（３）、年齢（５歳階級２０Ｃ）、従業地・通学地による人口（３B）、１５歳以上就業者数 （従業地）全国・都道府県・市区町村,-,200010,2007-10-07,2026-05-29,02,人口・世帯,01,人口,474914,該当なし,0,
0000033336,00200521,国勢調査,00200,総務省,平成12年国勢調査 従業地・通学地集計その1（通勤・通学人口，従業地による就業者の産業別構成，利用交通手段など）,00105,有配偶の女性就業者（３）、常住地による人口（７）、人口 （常住地）全国・都道府県・市区町村,-,200010,2007-10-07,2026-05-29,02,人口・世帯,01,人口,47970,該当なし,0,
0000033337,00200521,国勢調査,00200,総務省,平成12年国勢調査 従業地・通学地集計その1（通勤・通学人口，従業地による就業者の産業別構成，利用交通手段など）,00106,有配偶の女性就業者（３）、常住地による人口（４Ｂ）、１５歳以上就業者数 （常住地）全国・都道府県・市区町村,-,200010,2007-10-07,2026-05-29,02,人口・世帯,01,人口,37687,該当なし,0,
0000033338,00200521,国勢調査,00200,総務省,平成12年国勢調査 従業地・通学地集計その1（通勤・通学人口，従業地による就業者の産業別構成，利用交通手段など）,00107,有配偶の女性就業者（３）、従業地・通学地による人口（３A）、人口 （従業地）全国・都道府県・市区町村,-,200010,2007-10-07,2026-05-29,02,人口・世帯,01,人口,27208,該当なし,0,
0000033339,00200521,国勢調査,00200,総務省,平成12年国勢調査 従業地・通学地集計その1（通勤・通学人口，従業地による就業者の産業別構成，利用交通手段など）,00108,有配偶の女性就業者（３）、従業地・通学地による人口（３B）、１５歳以上就業者数 （従業地）全国・都道府県・市区町村,-,200010,2007-10-07,2026-05-29,02,人口・世帯,01,人口,27208,該当なし,0,
0000033340,00200521,国勢調査,00200,総務省,平成12年国勢調査 従業地・通学地集計その1（通勤・通学人口，従業地による就業者の産業別構成，利用交通手段など）,00201,男女（３）、通勤・通学者数（２）、１５歳以上就業者数・１５歳以上通学者数 （常住地）全国・都道府県、従業地・通学地（５Ａ）,-,200010,2007-10-07,2026-05-29,02,人口・世帯,01,人口,3888,該当なし,0,
0000033341,00200521,国勢調査,00200,総務省,平成12年国勢調査 従業地・通学地集計その1（通勤・通学人口，従業地による就業者の産業別構成，利用交通手段など）,00203,男女（３）、通勤・通学者数（２）、１５歳以上就業者数・１５歳以上通学者数 （常住地）市区町村、従業地・通学地（５B）,-,200010,2007-10-07,2026-05-29,02,人口・世帯,01,人口,257828,該当なし,0,
0000033342,00200521,国勢調査,00200,総務省,平成12年国勢調査 従業地・通学地集計その1（通勤・通学人口，従業地による就業者の産業別構成，利用交通手段など）,00205,男女（３）、通勤・通学者数（２）、１５歳以上就業者数・１５歳以上通学者数 （常住地）都道府県、（従業地・通学地）都道府県,-,200010,2007-10-07,2026-05-29,02,人口・世帯,01,人口,17802,該当なし,0,
0000033343,00200521,国勢調査,00200,総務省,平成12年国勢調査 従業地・通学地集計その1（通勤・通学人口，従業地による就業者の産業別構成，利用交通手段など）,00206,男女（３）、通勤・通学者数（２）、１５歳以上就業者数・１５歳以上通学者数 （常住地）市区町村、（従通地）都道府県・市区町村,-,200010,2007-10-07,2026-05-29,02,人口・世帯,01,人口,2638710,該当なし,0,
0000033344,00200521,国勢調査,00200,総務省,平成12年国勢調査 従業地・通学地集計その1（通勤・通学人口，従業地による就業者の産業別構成，利用交通手段など）,00301,男女（３）、通勤・通学者数（２）、１５歳以上就業者数・１５歳以上通学者数 （従業地）都道府県、常住地（５Ａ）,-,200010,2007-10-07,2026-05-29,02,人口・世帯,01,人口,3798,該当なし,0,
0000033345,00200521,国勢調査,00200,総務省,平成12年国勢調査 従業地・通学地集計その1（通勤・通学人口，従業地による就業者の産業別構成，利用交通手段など）,00303,男女（３）、通勤・通学者数（２）、１５歳以上就業者数・１５歳以上通学者数 （従業地）市区町村、常住地（５Ｂ）,-,200010,2007-10-07,2026-05-29,02,人口・世帯,01,人口,244736,該当なし,0,
0000033346,00200521,国勢調査,00200,総務省,平成12年国勢調査 従業地・通学地集計その1（通勤・通学人口，従業地による就業者の産業別構成，利用交通手段など）,00305,男女（３）、通勤・通学者数（２）、１５歳以上就業者数・１５歳以上通学者数 （従業地）都道府県、（常住地）都道府県,-,200010,2007-10-07,2026-05-29,02,人口・世帯,01,人口,17802,該当なし,0,
0000033347,00200521,国勢調査,00200,総務省,平成12年国勢調査 従業地・通学地集計その1（通勤・通学人口，従業地による就業者の産業別構成，利用交通手段など）,00306,男女（３）、通勤・通学者数（２）、１５歳以上就業者数・１５歳以上通学者数 （従業地）市区町村、（常住地）都道府県・市区町村,-,200010,2007-10-07,2026-05-29,02,人口・世帯,01,人口,2593978,該当なし,0,
0000033348,00200521,国勢調査,00200,総務省,平成12年国勢調査 従業地・通学地集計その1（通勤・通学人口，従業地による就業者の産業別構成，利用交通手段など）,004,男女（３）、常住都道府県（４７）、従業・通学都道府県（４７）、１５歳以上自宅外就業者・通学者数 全国,-,200010,2007-10-07,2026-05-29,02,人口・世帯,01,人口,5845,該当なし,0,
0000033349,00200521,国勢調査,00200,総務省,平成12年国勢調査 従業地・通学地集計その1（通勤・通学人口，従業地による就業者の産業別構成，利用交通手段など）,00501,通勤・通学者数（２）、１５歳以上自宅外就業者・通学者数 （常住地）都道府県・市区町村,-,200010,2007-10-07,2026-05-29,02,人口・世帯,01,人口,10163,該当なし,0,
0000033350,00200521,国勢調査,00200,総務省,平成12年国勢調査 従業地・通学地集計その1（通勤・通学人口，従業地による就業者の産業別構成，利用交通手段など）,00502,１５歳以上自宅外就業者・通学者数 （常住地）都道府県・市区町村、（従業地）市区町村,-,200010,2007-10-07,2026-05-29,02,人口・世帯,01,人口,131654,該当なし,0,
0000033351,00200521,国勢調査,00200,総務省,平成12年国勢調査 従業地・通学地集計その1（通勤・通学人口，従業地による就業者の産業別構成，利用交通手段など）,00601,配偶関係（４）、男女（３）、１５歳以上年齢（５歳階級１９）、常住地による人口（５）、１５歳以上就業者数 （常住地）全国・人口１０万以上の市,-,200010,2007-10-07,2026-05-29,02,人口・世帯,01,人口,578102,該当なし,0,
0000033352,00200521,国勢調査,00200,総務省,平成12年国勢調査 従業地・通学地集計その1（通勤・通学人口，従業地による就業者の産業別構成，利用交通手段など）,00602,配偶関係（４）、男女（３）、１５歳以上年齢（５歳階級１９）、従業地・通学地による人口（３B）、１５歳以上就業者数 （常住地）全国・人口１０万以上の市,-,200010,2007-10-07,2026-05-29,02,人口・世帯,01,人口,301263,該当なし,0,
0000033353,00200521,国勢調査,00200,総務省,平成12年国勢調査 従業地・通学地集計その1（通勤・通学人口，従業地による就業者の産業別構成，利用交通手段など）,00701,産業（大分類１５）、常住地による人口（５）、１５歳以上就業者数 （常住地）全国・都道府県・市区町村,-,200010,2007-10-07,2026-05-29,02,人口・世帯,01,人口,237558,該当なし,0,
0000033354,00200521,国勢調査,00200,総務省,平成12年国勢調査 従業地・通学地集計その1（通勤・通学人口，従業地による就業者の産業別構成，利用交通手段など）,00702,産業（大分類１５）、従業地・通学地による人口（３B）、１５歳以上就業者数 （常住地）全国・都道府県・市区町村,-,200010,2007-10-07,2026-05-29,02,人口・世帯,01,人口,117674,該当なし,0,
0000033355,00200521,国勢調査,00200,総務省,平成12年国勢調査 従業地・通学地集計その1（通勤・通学人口，従業地による就業者の産業別構成，利用交通手段など）,00801,産業（大分類１５）、１５歳以上就業者数 （常住地）人口２０万以上の市、従業地・通学地（５Ｃ）,-,200010,2007-10-07,2026-05-29,02,人口・世帯,01,人口,28402,該当なし,0,
0000033356,00200521,国勢調査,00200,総務省,平成12年国勢調査 従業地・通学地集計その1（通勤・通学人口，従業地による就業者の産業別構成，利用交通手段など）,00802,産業（大分類１５）、１５歳以上就業者数 （常住地）人口２０万以上の市、（従通地）都道府県・市区町村,-,200010,2007-10-07,2026-05-29,02,人口・世帯,01,人口,192685,該当なし,0,
0000033357,00200521,国勢調査,00200,総務省,平成12年国勢調査 従業地・通学地集計その1（通勤・通学人口，従業地による就業者の産業別構成，利用交通手段など）,00901,産業（大分類１５）、１５歳以上就業者数 （従業地）人口２０万以上の市、常住地（５Ｃ）,-,200010,2007-10-07,2026-05-29,02,人口・世帯,01,人口,28175,該当なし,0,
0000033358,00200521,国勢調査,00200,総務省,平成12年国勢調査 従業地・通学地集計その1（通勤・通学人口，従業地による就業者の産業別構成，利用交通手段など）,00902,産業（大分類１５）、１５歳以上就業者数 （従業地）人口２０万以上の市、（常住地）都道府県・市区町村,-,200010,2007-10-07,2026-05-29,02,人口・世帯,01,人口,254453,該当なし,0,
0000033359,00200521,国勢調査,00200,総務省,平成12年国勢調査 従業地・通学地集計その1（通勤・通学人口，従業地による就業者の産業別構成，利用交通手段など）,010,従業上の地位（５）、男女（３）、１５歳以上年齢（５歳階級１６）、産業（大分類１５）、１５歳以上就業者数 （従業地）全国・都道府県・市区町村,-,200010,2007-10-07,2026-05-29,02,人口・世帯,01,人口,6783769,該当なし,0,
