code,in_existing_analysis,in_ssdse_a_2026,classification,parent_city_code
01100,True,True,common_code,
01101,True,False,designated_city_administrative_ward,01100
01102,True,False,designated_city_administrative_ward,01100
01103,True,False,designated_city_administrative_ward,01100
01104,True,False,designated_city_administrative_ward,01100
01105,True,False,designated_city_administrative_ward,01100
01106,True,False,designated_city_administrative_ward,01100
01107,True,False,designated_city_administrative_ward,01100
01108,True,False,designated_city_administrative_ward,01100
01109,True,False,designated_city_administrative_ward,01100
01110,True,False,designated_city_administrative_ward,01100
01202,True,True,common_code,
01203,True,True,common_code,
01204,True,True,common_code,
01205,True,True,common_code,
01206,True,True,common_code,
01207,True,True,common_code,
01208,True,True,common_code,
01209,True,True,common_code,
01210,True,True,common_code,
01211,True,True,common_code,
01212,True,True,common_code,
01213,True,True,common_code,
01214,True,True,common_code,
01215,True,True,common_code,
01216,True,True,common_code,
01217,True,True,common_code,
01218,True,True,common_code,
01219,True,True,common_code,
01220,True,True,common_code,
01221,True,True,common_code,
01222,True,True,common_code,
01223,True,True,common_code,
01224,True,True,common_code,
01225,True,True,common_code,
01226,True,True,common_code,
01227,True,True,common_code,
01228,True,True,common_code,
01229,True,True,common_code,
01230,True,True,common_code,
01231,True,True,common_code,
01233,True,True,common_code,
01234,True,True,common_code,
01235,True,True,common_code,
01236,True,True,common_code,
01303,True,True,common_code,
01304,True,True,common_code,
01331,True,True,common_code,
01332,True,True,common_code,
01333,True,True,common_code,
01334,True,True,common_code,
01337,True,True,common_code,
01343,True,True,common_code,
01345,True,True,common_code,
01346,True,True,common_code,
01347,True,True,common_code,
01361,True,True,common_code,
01362,True,True,common_code,
01363,True,True,common_code,
01364,True,True,common_code,
01367,True,True,common_code,
01370,True,True,common_code,
01371,True,True,common_code,
01391,True,True,common_code,
01392,True,True,common_code,
01393,True,True,common_code,
01394,True,True,common_code,
01395,True,True,common_code,
01396,True,True,common_code,
01397,True,True,common_code,
01398,True,True,common_code,
01399,True,True,common_code,
01400,True,True,common_code,
01401,True,True,common_code,
01402,True,True,common_code,
01403,True,True,common_code,
01404,True,True,common_code,
01405,True,True,common_code,
01406,True,True,common_code,
01407,True,True,common_code,
01408,True,True,common_code,
01409,True,True,common_code,
01423,True,True,common_code,
01424,True,True,common_code,
01425,True,True,common_code,
01427,True,True,common_code,
01428,True,True,common_code,
01429,True,True,common_code,
01430,True,True,common_code,
01431,True,True,common_code,
01432,True,True,common_code,
01433,True,True,common_code,
01434,True,True,common_code,
01436,True,True,common_code,
01437,True,True,common_code,
01438,True,True,common_code,
01452,True,True,common_code,
01453,True,True,common_code,
01454,True,True,common_code,
01455,True,True,common_code,
01456,True,True,common_code,
01457,True,True,common_code,
01458,True,True,common_code,
01459,True,True,common_code,
01460,True,True,common_code,
01461,True,True,common_code,
01462,True,True,common_code,
01463,True,True,common_code,
01464,True,True,common_code,
01465,True,True,common_code,
01468,True,True,common_code,
01469,True,True,common_code,
01470,True,True,common_code,
01471,True,True,common_code,
01472,True,True,common_code,
01481,True,True,common_code,
01482,True,True,common_code,
01483,True,True,common_code,
01484,True,True,common_code,
01485,True,True,common_code,
01486,True,True,common_code,
01487,True,True,common_code,
01511,True,True,common_code,
01512,True,True,common_code,
01513,True,True,common_code,
01514,True,True,common_code,
01516,True,True,common_code,
01517,True,True,common_code,
01518,True,True,common_code,
01519,True,True,common_code,
01520,True,True,common_code,
01543,True,True,common_code,
01544,True,True,common_code,
01545,True,True,common_code,
01546,True,True,common_code,
01547,True,True,common_code,
01549,True,True,common_code,
01550,True,True,common_code,
01552,True,True,common_code,
01555,True,True,common_code,
01559,True,True,common_code,
01560,True,True,common_code,
01561,True,True,common_code,
01562,True,True,common_code,
01563,True,True,common_code,
01564,True,True,common_code,
01571,True,True,common_code,
01575,True,True,common_code,
01578,True,True,common_code,
01581,True,True,common_code,
01584,True,True,common_code,
01585,True,True,common_code,
01586,True,True,common_code,
01601,True,True,common_code,
01602,True,True,common_code,
01604,True,True,common_code,
01607,True,True,common_code,
01608,True,True,common_code,
01609,True,True,common_code,
01610,True,True,common_code,
01631,True,True,common_code,
01632,True,True,common_code,
01633,True,True,common_code,
01634,True,True,common_code,
01635,True,True,common_code,
01636,True,True,common_code,
01637,True,True,common_code,
01638,True,True,common_code,
01639,True,True,common_code,
01641,True,True,common_code,
01642,True,True,common_code,
01643,True,True,common_code,
01644,True,True,common_code,
01645,True,True,common_code,
01646,True,True,common_code,
01647,True,True,common_code,
01648,True,True,common_code,
01649,True,True,common_code,
01661,True,True,common_code,
01662,True,True,common_code,
01663,True,True,common_code,
01664,True,True,common_code,
01665,True,True,common_code,
01667,True,True,common_code,
01668,True,True,common_code,
01691,True,True,common_code,
01692,True,True,common_code,
01693,True,True,common_code,
01694,True,True,common_code,
02201,True,True,common_code,
02202,True,True,common_code,
02203,True,True,common_code,
02204,True,True,common_code,
02205,True,True,common_code,
02206,True,True,common_code,
02207,True,True,common_code,
02208,True,True,common_code,
02209,True,True,common_code,
02210,True,True,common_code,
02301,True,True,common_code,
02303,True,True,common_code,
02304,True,True,common_code,
02307,True,True,common_code,
02321,True,True,common_code,
02323,True,True,common_code,
02343,True,True,common_code,
02361,True,True,common_code,
02362,True,True,common_code,
02367,True,True,common_code,
02381,True,True,common_code,
02384,True,True,common_code,
02387,True,True,common_code,
02401,True,True,common_code,
02402,True,True,common_code,
02405,True,True,common_code,
02406,True,True,common_code,
02408,True,True,common_code,
02411,True,True,common_code,
02412,True,True,common_code,
02423,True,True,common_code,
02424,True,True,common_code,
02425,True,True,common_code,
02426,True,True,common_code,
02441,True,True,common_code,
02442,True,True,common_code,
02443,True,True,common_code,
02445,True,True,common_code,
02446,True,True,common_code,
02450,True,True,common_code,
03201,True,True,common_code,
03202,True,True,common_code,
03203,True,True,common_code,
03205,True,True,common_code,
03206,True,True,common_code,
03207,True,True,common_code,
03208,True,True,common_code,
03209,True,True,common_code,
03210,True,True,common_code,
03211,True,True,common_code,
03213,True,True,common_code,
03214,True,True,common_code,
03215,True,True,common_code,
03216,True,True,common_code,
03301,True,True,common_code,
03302,True,True,common_code,
03303,True,True,common_code,
03321,True,True,common_code,
03322,True,True,common_code,
03366,True,True,common_code,
03381,True,True,common_code,
03402,True,True,common_code,
03441,True,True,common_code,
03461,True,True,common_code,
03482,True,True,common_code,
03483,True,True,common_code,
03484,True,True,common_code,
03485,True,True,common_code,
03501,True,True,common_code,
03503,True,True,common_code,
03506,True,True,common_code,
03507,True,True,common_code,
03524,True,True,common_code,
04100,True,True,common_code,
04101,True,False,designated_city_administrative_ward,04100
04102,True,False,designated_city_administrative_ward,04100
04103,True,False,designated_city_administrative_ward,04100
04104,True,False,designated_city_administrative_ward,04100
04105,True,False,designated_city_administrative_ward,04100
04202,True,True,common_code,
04203,True,True,common_code,
04205,True,True,common_code,
04206,True,True,common_code,
04207,True,True,common_code,
04208,True,True,common_code,
04209,True,True,common_code,
04211,True,True,common_code,
04212,True,True,common_code,
04213,True,True,common_code,
04214,True,True,common_code,
04215,True,True,common_code,
04216,True,True,common_code,
04301,True,True,common_code,
04302,True,True,common_code,
04321,True,True,common_code,
04322,True,True,common_code,
04323,True,True,common_code,
04324,True,True,common_code,
04341,True,True,common_code,
04361,True,True,common_code,
04362,True,True,common_code,
04401,True,True,common_code,
04404,True,True,common_code,
04406,True,True,common_code,
04421,True,True,common_code,
04422,True,True,common_code,
04424,True,True,common_code,
04444,True,True,common_code,
04445,True,True,common_code,
04501,True,True,common_code,
04505,True,True,common_code,
04581,True,True,common_code,
04606,True,True,common_code,
05201,True,True,common_code,
05202,True,True,common_code,
05203,True,True,common_code,
05204,True,True,common_code,
05206,True,True,common_code,
05207,True,True,common_code,
05209,True,True,common_code,
05210,True,True,common_code,
05211,True,True,common_code,
05212,True,True,common_code,
05213,True,True,common_code,
05214,True,True,common_code,
05215,True,True,common_code,
05303,True,True,common_code,
05327,True,True,common_code,
05346,True,True,common_code,
05348,True,True,common_code,
05349,True,True,common_code,
05361,True,True,common_code,
05363,True,True,common_code,
05366,True,True,common_code,
05368,True,True,common_code,
05434,True,True,common_code,
05463,True,True,common_code,
05464,True,True,common_code,
06201,True,True,common_code,
06202,True,True,common_code,
06203,True,True,common_code,
06204,True,True,common_code,
06205,True,True,common_code,
06206,True,True,common_code,
06207,True,True,common_code,
06208,True,True,common_code,
06209,True,True,common_code,
06210,True,True,common_code,
06211,True,True,common_code,
06212,True,True,common_code,
06213,True,True,common_code,
06301,True,True,common_code,
06302,True,True,common_code,
06321,True,True,common_code,
06322,True,True,common_code,
06323,True,True,common_code,
06324,True,True,common_code,
06341,True,True,common_code,
06361,True,True,common_code,
06362,True,True,common_code,
06363,True,True,common_code,
06364,True,True,common_code,
06365,True,True,common_code,
06366,True,True,common_code,
06367,True,True,common_code,
06381,True,True,common_code,
06382,True,True,common_code,
06401,True,True,common_code,
06402,True,True,common_code,
06403,True,True,common_code,
06426,True,True,common_code,
06428,True,True,common_code,
06461,True,True,common_code,
07201,True,True,common_code,
07202,True,True,common_code,
07203,True,True,common_code,
07204,True,True,common_code,
07205,True,True,common_code,
07207,True,True,common_code,
07208,True,True,common_code,
07209,True,True,common_code,
07210,True,True,common_code,
07211,True,True,common_code,
07212,True,True,common_code,
07213,True,True,common_code,
07214,True,True,common_code,
07301,True,True,common_code,
07303,True,True,common_code,
07308,True,True,common_code,
07322,True,True,common_code,
07342,True,True,common_code,
07344,True,True,common_code,
07362,True,True,common_code,
07364,True,True,common_code,
07367,True,True,common_code,
07368,True,True,common_code,
07402,True,True,common_code,
07405,True,True,common_code,
07407,True,True,common_code,
07408,True,True,common_code,
07421,True,True,common_code,
07422,True,True,common_code,
07423,True,True,common_code,
07444,True,True,common_code,
07445,True,True,common_code,
07446,True,True,common_code,
07447,True,True,common_code,
07461,True,True,common_code,
07464,True,True,common_code,
07465,True,True,common_code,
07466,True,True,common_code,
07481,True,True,common_code,
07482,True,True,common_code,
07483,True,True,common_code,
07484,True,True,common_code,
07501,True,True,common_code,
07502,True,True,common_code,
07503,True,True,common_code,
07504,True,True,common_code,
07505,True,True,common_code,
07521,True,True,common_code,
07522,True,True,common_code,
07541,True,True,common_code,
07542,True,True,common_code,
07543,True,True,common_code,
07544,True,True,common_code,
07545,True,True,common_code,
07546,False,True,ssdse_only,
07547,True,True,common_code,
07548,True,True,common_code,
07561,True,True,common_code,
07564,True,True,common_code,
08201,True,True,common_code,
08202,True,True,common_code,
08203,True,True,common_code,
08204,True,True,common_code,
08205,True,True,common_code,
08207,True,True,common_code,
08208,True,True,common_code,
08210,True,True,common_code,
08211,True,True,common_code,
08212,True,True,common_code,
08214,True,True,common_code,
08215,True,True,common_code,
08216,True,True,common_code,
08217,True,True,common_code,
08219,True,True,common_code,
08220,True,True,common_code,
08221,True,True,common_code,
08222,True,True,common_code,
08223,True,True,common_code,
08224,True,True,common_code,
08225,True,True,common_code,
08226,True,True,common_code,
08227,True,True,common_code,
08228,True,True,common_code,
08229,True,True,common_code,
08230,True,True,common_code,
08231,True,True,common_code,
08232,True,True,common_code,
08233,True,True,common_code,
08234,True,True,common_code,
08235,True,True,common_code,
08236,True,True,common_code,
08302,True,True,common_code,
08309,True,True,common_code,
08310,True,True,common_code,
08341,True,True,common_code,
08364,True,True,common_code,
08442,True,True,common_code,
08443,True,True,common_code,
08447,True,True,common_code,
08521,True,True,common_code,
08542,True,True,common_code,
08546,True,True,common_code,
08564,True,True,common_code,
09201,True,True,common_code,
09202,True,True,common_code,
09203,True,True,common_code,
09204,True,True,common_code,
09205,True,True,common_code,
09206,True,True,common_code,
09208,True,True,common_code,
09209,True,True,common_code,
09210,True,True,common_code,
09211,True,True,common_code,
09213,True,True,common_code,
09214,True,True,common_code,
09215,True,True,common_code,
09216,True,True,common_code,
09301,True,True,common_code,
09342,True,True,common_code,
09343,True,True,common_code,
09344,True,True,common_code,
09345,True,True,common_code,
09361,True,True,common_code,
09364,True,True,common_code,
09384,True,True,common_code,
09386,True,True,common_code,
09407,True,True,common_code,
09411,True,True,common_code,
10201,True,True,common_code,
10202,True,True,common_code,
10203,True,True,common_code,
10204,True,True,common_code,
10205,True,True,common_code,
10206,True,True,common_code,
10207,True,True,common_code,
10208,True,True,common_code,
10209,True,True,common_code,
10210,True,True,common_code,
10211,True,True,common_code,
10212,True,True,common_code,
10344,True,True,common_code,
10345,True,True,common_code,
10366,True,True,common_code,
10367,True,True,common_code,
10382,True,True,common_code,
10383,True,True,common_code,
10384,True,True,common_code,
10421,True,True,common_code,
10424,True,True,common_code,
10425,True,True,common_code,
10426,True,True,common_code,
10428,True,True,common_code,
10429,True,True,common_code,
10443,True,True,common_code,
10444,True,True,common_code,
10448,True,True,common_code,
10449,True,True,common_code,
10464,True,True,common_code,
10521,True,True,common_code,
10522,True,True,common_code,
10523,True,True,common_code,
10524,True,True,common_code,
10525,True,True,common_code,
11100,True,True,common_code,
11101,True,False,designated_city_administrative_ward,11100
11102,True,False,designated_city_administrative_ward,11100
11103,True,False,designated_city_administrative_ward,11100
11104,True,False,designated_city_administrative_ward,11100
11105,True,False,designated_city_administrative_ward,11100
11106,True,False,designated_city_administrative_ward,11100
11107,True,False,designated_city_administrative_ward,11100
11108,True,False,designated_city_administrative_ward,11100
11109,True,False,designated_city_administrative_ward,11100
11110,True,False,designated_city_administrative_ward,11100
11201,True,True,common_code,
11202,True,True,common_code,
11203,True,True,common_code,
11206,True,True,common_code,
11207,True,True,common_code,
11208,True,True,common_code,
11209,True,True,common_code,
11210,True,True,common_code,
11211,True,True,common_code,
11212,True,True,common_code,
11214,True,True,common_code,
11215,True,True,common_code,
11216,True,True,common_code,
11217,True,True,common_code,
11218,True,True,common_code,
11219,True,True,common_code,
11221,True,True,common_code,
11222,True,True,common_code,
11223,True,True,common_code,
11224,True,True,common_code,
11225,True,True,common_code,
11227,True,True,common_code,
11228,True,True,common_code,
11229,True,True,common_code,
11230,True,True,common_code,
11231,True,True,common_code,
11232,True,True,common_code,
11233,True,True,common_code,
11234,True,True,common_code,
11235,True,True,common_code,
11237,True,True,common_code,
11238,True,True,common_code,
11239,True,True,common_code,
11240,True,True,common_code,
11241,True,True,common_code,
11242,True,True,common_code,
11243,True,True,common_code,
11245,True,True,common_code,
11246,True,True,common_code,
11301,True,True,common_code,
11324,True,True,common_code,
11326,True,True,common_code,
11327,True,True,common_code,
11341,True,True,common_code,
11342,True,True,common_code,
11343,True,True,common_code,
11346,True,True,common_code,
11347,True,True,common_code,
11348,True,True,common_code,
11349,True,True,common_code,
11361,True,True,common_code,
11362,True,True,common_code,
11363,True,True,common_code,
11365,True,True,common_code,
11369,True,True,common_code,
11381,True,True,common_code,
11383,True,True,common_code,
11385,True,True,common_code,
11408,True,True,common_code,
11442,True,True,common_code,
11464,True,True,common_code,
11465,True,True,common_code,
12100,True,True,common_code,
12101,True,False,designated_city_administrative_ward,12100
12102,True,False,designated_city_administrative_ward,12100
12103,True,False,designated_city_administrative_ward,12100
12104,True,False,designated_city_administrative_ward,12100
12105,True,False,designated_city_administrative_ward,12100
12106,True,False,designated_city_administrative_ward,12100
12202,True,True,common_code,
12203,True,True,common_code,
12204,True,True,common_code,
12205,True,True,common_code,
12206,True,True,common_code,
12207,True,True,common_code,
12208,True,True,common_code,
12210,True,True,common_code,
12211,True,True,common_code,
12212,True,True,common_code,
12213,True,True,common_code,
12215,True,True,common_code,
12216,True,True,common_code,
12217,True,True,common_code,
12218,True,True,common_code,
12219,True,True,common_code,
12220,True,True,common_code,
12221,True,True,common_code,
12222,True,True,common_code,
12223,True,True,common_code,
12224,True,True,common_code,
12225,True,True,common_code,
12226,True,True,common_code,
12227,True,True,common_code,
12228,True,True,common_code,
12229,True,True,common_code,
12230,True,True,common_code,
12231,True,True,common_code,
12232,True,True,common_code,
12233,True,True,common_code,
12234,True,True,common_code,
12235,True,True,common_code,
12236,True,True,common_code,
12237,True,True,common_code,
12238,True,True,common_code,
12239,True,True,common_code,
12322,True,True,common_code,
12329,True,True,common_code,
12342,True,True,common_code,
12347,True,True,common_code,
12349,True,True,common_code,
12403,True,True,common_code,
12409,True,True,common_code,
12410,True,True,common_code,
12421,True,True,common_code,
12422,True,True,common_code,
12423,True,True,common_code,
12424,True,True,common_code,
12426,True,True,common_code,
12427,True,True,common_code,
12441,True,True,common_code,
12443,True,True,common_code,
12463,True,True,common_code,
13100,True,False,other_special_region_or_noncanonical,
13101,True,True,common_code,
13102,True,True,common_code,
13103,True,True,common_code,
13104,True,True,common_code,
13105,True,True,common_code,
13106,True,True,common_code,
13107,True,True,common_code,
13108,True,True,common_code,
13109,True,True,common_code,
13110,True,True,common_code,
13111,True,True,common_code,
13112,True,True,common_code,
13113,True,True,common_code,
13114,True,True,common_code,
13115,True,True,common_code,
13116,True,True,common_code,
13117,True,True,common_code,
13118,True,True,common_code,
13119,True,True,common_code,
13120,True,True,common_code,
13121,True,True,common_code,
13122,True,True,common_code,
13123,True,True,common_code,
13201,True,True,common_code,
13202,True,True,common_code,
13203,True,True,common_code,
13204,True,True,common_code,
13205,True,True,common_code,
13206,True,True,common_code,
13207,True,True,common_code,
13208,True,True,common_code,
13209,True,True,common_code,
13210,True,True,common_code,
13211,True,True,common_code,
13212,True,True,common_code,
13213,True,True,common_code,
13214,True,True,common_code,
13215,True,True,common_code,
13218,True,True,common_code,
13219,True,True,common_code,
13220,True,True,common_code,
13221,True,True,common_code,
13222,True,True,common_code,
13223,True,True,common_code,
13224,True,True,common_code,
13225,True,True,common_code,
13227,True,True,common_code,
13228,True,True,common_code,
13229,True,True,common_code,
13303,True,True,common_code,
13305,True,True,common_code,
13307,True,True,common_code,
13308,True,True,common_code,
13361,True,True,common_code,
13362,True,True,common_code,
13363,True,True,common_code,
13364,True,True,common_code,
13381,True,True,common_code,
13382,True,True,common_code,
13401,True,True,common_code,
13402,True,True,common_code,
13421,True,True,common_code,
14100,True,True,common_code,
14101,True,False,designated_city_administrative_ward,14100
14102,True,False,designated_city_administrative_ward,14100
14103,True,False,designated_city_administrative_ward,14100
14104,True,False,designated_city_administrative_ward,14100
14105,True,False,designated_city_administrative_ward,14100
14106,True,False,designated_city_administrative_ward,14100
14107,True,False,designated_city_administrative_ward,14100
14108,True,False,designated_city_administrative_ward,14100
14109,True,False,designated_city_administrative_ward,14100
14110,True,False,designated_city_administrative_ward,14100
14111,True,False,designated_city_administrative_ward,14100
14112,True,False,designated_city_administrative_ward,14100
14113,True,False,designated_city_administrative_ward,14100
14114,True,False,designated_city_administrative_ward,14100
14115,True,False,designated_city_administrative_ward,14100
14116,True,False,designated_city_administrative_ward,14100
14117,True,False,designated_city_administrative_ward,14100
14118,True,False,designated_city_administrative_ward,14100
14130,True,True,common_code,
14131,True,False,designated_city_administrative_ward,14100
14132,True,False,designated_city_administrative_ward,14100
14133,True,False,designated_city_administrative_ward,14100
14134,True,False,designated_city_administrative_ward,14100
14135,True,False,designated_city_administrative_ward,14100
14136,True,False,designated_city_administrative_ward,14100
14137,True,False,designated_city_administrative_ward,14100
14150,True,True,common_code,
14151,True,False,designated_city_administrative_ward,14100
14152,True,False,designated_city_administrative_ward,14100
14153,True,False,designated_city_administrative_ward,14100
14201,True,True,common_code,
14203,True,True,common_code,
14204,True,True,common_code,
14205,True,True,common_code,
14206,True,True,common_code,
14207,True,True,common_code,
14208,True,True,common_code,
14210,True,True,common_code,
14211,True,True,common_code,
14212,True,True,common_code,
14213,True,True,common_code,
14214,True,True,common_code,
14215,True,True,common_code,
14216,True,True,common_code,
14217,True,True,common_code,
14218,True,True,common_code,
14301,True,True,common_code,
14321,True,True,common_code,
14341,True,True,common_code,
14342,True,True,common_code,
14361,True,True,common_code,
14362,True,True,common_code,
14363,True,True,common_code,
14364,True,True,common_code,
14366,True,True,common_code,
14382,True,True,common_code,
14383,True,True,common_code,
14384,True,True,common_code,
14401,True,True,common_code,
14402,True,True,common_code,
15100,True,True,common_code,
15101,True,False,designated_city_administrative_ward,15100
15102,True,False,designated_city_administrative_ward,15100
15103,True,False,designated_city_administrative_ward,15100
15104,True,False,designated_city_administrative_ward,15100
15105,True,False,designated_city_administrative_ward,15100
15106,True,False,designated_city_administrative_ward,15100
15107,True,False,designated_city_administrative_ward,15100
15108,True,False,designated_city_administrative_ward,15100
15202,True,True,common_code,
15204,True,True,common_code,
15205,True,True,common_code,
15206,True,True,common_code,
15208,True,True,common_code,
15209,True,True,common_code,
15210,True,True,common_code,
15211,True,True,common_code,
15212,True,True,common_code,
15213,True,True,common_code,
15216,True,True,common_code,
15217,True,True,common_code,
15218,True,True,common_code,
15222,True,True,common_code,
15223,True,True,common_code,
15224,True,True,common_code,
15225,True,True,common_code,
15226,True,True,common_code,
15227,True,True,common_code,
15307,True,True,common_code,
15342,True,True,common_code,
15361,True,True,common_code,
15385,True,True,common_code,
15405,True,True,common_code,
15461,True,True,common_code,
15482,True,True,common_code,
15504,True,True,common_code,
15581,True,True,common_code,
15586,True,True,common_code,
16201,True,True,common_code,
16202,True,True,common_code,
16204,True,True,common_code,
16205,True,True,common_code,
16206,True,True,common_code,
16207,True,True,common_code,
16208,True,True,common_code,
16209,True,True,common_code,
16210,True,True,common_code,
16211,True,True,common_code,
16321,True,True,common_code,
16322,True,True,common_code,
16323,True,True,common_code,
16342,True,True,common_code,
16343,True,True,common_code,
17201,True,True,common_code,
17202,True,True,common_code,
17203,True,True,common_code,
17204,True,True,common_code,
17205,True,True,common_code,
17206,True,True,common_code,
17207,True,True,common_code,
17209,True,True,common_code,
17210,True,True,common_code,
17211,True,True,common_code,
17212,True,True,common_code,
17324,True,True,common_code,
17361,True,True,common_code,
17365,True,True,common_code,
17384,True,True,common_code,
17386,True,True,common_code,
17407,True,True,common_code,
17461,True,True,common_code,
17463,True,True,common_code,
18201,True,True,common_code,
18202,True,True,common_code,
18204,True,True,common_code,
18205,True,True,common_code,
18206,True,True,common_code,
18207,True,True,common_code,
18208,True,True,common_code,
18209,True,True,common_code,
18210,True,True,common_code,
18322,True,True,common_code,
18382,True,True,common_code,
18404,True,True,common_code,
18423,True,True,common_code,
18442,True,True,common_code,
18481,True,True,common_code,
18483,True,True,common_code,
18501,True,True,common_code,
19201,True,True,common_code,
19202,True,True,common_code,
19204,True,True,common_code,
19205,True,True,common_code,
19206,True,True,common_code,
19207,True,True,common_code,
19208,True,True,common_code,
19209,True,True,common_code,
19210,True,True,common_code,
19211,True,True,common_code,
19212,True,True,common_code,
19213,True,True,common_code,
19214,True,True,common_code,
19346,True,True,common_code,
19364,True,True,common_code,
19365,True,True,common_code,
19366,True,True,common_code,
19368,True,True,common_code,
19384,True,True,common_code,
19422,True,True,common_code,
19423,True,True,common_code,
19424,True,True,common_code,
19425,True,True,common_code,
19429,True,True,common_code,
19430,True,True,common_code,
19442,True,True,common_code,
19443,True,True,common_code,
20201,True,True,common_code,
20202,True,True,common_code,
20203,True,True,common_code,
20204,True,True,common_code,
20205,True,True,common_code,
20206,True,True,common_code,
20207,True,True,common_code,
20208,True,True,common_code,
20209,True,True,common_code,
20210,True,True,common_code,
20211,True,True,common_code,
20212,True,True,common_code,
20213,True,True,common_code,
20214,True,True,common_code,
20215,True,True,common_code,
20217,True,True,common_code,
20218,True,True,common_code,
20219,True,True,common_code,
20220,True,True,common_code,
20303,True,True,common_code,
20304,True,True,common_code,
20305,True,True,common_code,
20306,True,True,common_code,
20307,True,True,common_code,
20309,True,True,common_code,
20321,True,True,common_code,
20323,True,True,common_code,
20324,True,True,common_code,
20349,True,True,common_code,
20350,True,True,common_code,
20361,True,True,common_code,
20362,True,True,common_code,
20363,True,True,common_code,
20382,True,True,common_code,
20383,True,True,common_code,
20384,True,True,common_code,
20385,True,True,common_code,
20386,True,True,common_code,
20388,True,True,common_code,
20402,True,True,common_code,
20403,True,True,common_code,
20404,True,True,common_code,
20407,True,True,common_code,
20409,True,True,common_code,
20410,True,True,common_code,
20411,True,True,common_code,
20412,True,True,common_code,
20413,True,True,common_code,
20414,True,True,common_code,
20415,True,True,common_code,
20416,True,True,common_code,
20417,True,True,common_code,
20422,True,True,common_code,
20423,True,True,common_code,
20425,True,True,common_code,
20429,True,True,common_code,
20430,True,True,common_code,
20432,True,True,common_code,
20446,True,True,common_code,
20448,True,True,common_code,
20450,True,True,common_code,
20451,True,True,common_code,
20452,True,True,common_code,
20481,True,True,common_code,
20482,True,True,common_code,
20485,True,True,common_code,
20486,True,True,common_code,
20521,True,True,common_code,
20541,True,True,common_code,
20543,True,True,common_code,
20561,True,True,common_code,
20562,True,True,common_code,
20563,True,True,common_code,
20583,True,True,common_code,
20588,True,True,common_code,
20590,True,True,common_code,
20602,True,True,common_code,
21201,True,True,common_code,
21202,True,True,common_code,
21203,True,True,common_code,
21204,True,True,common_code,
21205,True,True,common_code,
21206,True,True,common_code,
21207,True,True,common_code,
21208,True,True,common_code,
21209,True,True,common_code,
21210,True,True,common_code,
21211,True,True,common_code,
21212,True,True,common_code,
21213,True,True,common_code,
21214,True,True,common_code,
21215,True,True,common_code,
21216,True,True,common_code,
21217,True,True,common_code,
21218,True,True,common_code,
21219,True,True,common_code,
21220,True,True,common_code,
21221,True,True,common_code,
21302,True,True,common_code,
21303,True,True,common_code,
21341,True,True,common_code,
21361,True,True,common_code,
21362,True,True,common_code,
21381,True,True,common_code,
21382,True,True,common_code,
21383,True,True,common_code,
21401,True,True,common_code,
21403,True,True,common_code,
21404,True,True,common_code,
21421,True,True,common_code,
21501,True,True,common_code,
21502,True,True,common_code,
21503,True,True,common_code,
21504,True,True,common_code,
21505,True,True,common_code,
21506,True,True,common_code,
21507,True,True,common_code,
21521,True,True,common_code,
21604,True,True,common_code,
22100,True,True,common_code,
22101,True,False,designated_city_administrative_ward,22100
22102,True,False,designated_city_administrative_ward,22100
22103,True,False,designated_city_administrative_ward,22100
22130,True,True,common_code,
22140,True,False,designated_city_administrative_ward,22100
22203,True,True,common_code,
22205,True,True,common_code,
22206,True,True,common_code,
22207,True,True,common_code,
22208,True,True,common_code,
22209,True,True,common_code,
22210,True,True,common_code,
22211,True,True,common_code,
22212,True,True,common_code,
22213,True,True,common_code,
22214,True,True,common_code,
22215,True,True,common_code,
22216,True,True,common_code,
22219,True,True,common_code,
22220,True,True,common_code,
22221,True,True,common_code,
22222,True,True,common_code,
22223,True,True,common_code,
22224,True,True,common_code,
22225,True,True,common_code,
22226,True,True,common_code,
22301,True,True,common_code,
22302,True,True,common_code,
22304,True,True,common_code,
22305,True,True,common_code,
22306,True,True,common_code,
22325,True,True,common_code,
22341,True,True,common_code,
22342,True,True,common_code,
22344,True,True,common_code,
22424,True,True,common_code,
22429,True,True,common_code,
22461,True,True,common_code,
23100,True,True,common_code,
23101,True,False,designated_city_administrative_ward,23100
23102,True,False,designated_city_administrative_ward,23100
23103,True,False,designated_city_administrative_ward,23100
23104,True,False,designated_city_administrative_ward,23100
23105,True,False,designated_city_administrative_ward,23100
23106,True,False,designated_city_administrative_ward,23100
23107,True,False,designated_city_administrative_ward,23100
23108,True,False,designated_city_administrative_ward,23100
23109,True,False,designated_city_administrative_ward,23100
23110,True,False,designated_city_administrative_ward,23100
23111,True,False,designated_city_administrative_ward,23100
23112,True,False,designated_city_administrative_ward,23100
23113,True,False,designated_city_administrative_ward,23100
23114,True,False,designated_city_administrative_ward,23100
23115,True,False,designated_city_administrative_ward,23100
23116,True,False,designated_city_administrative_ward,23100
23201,True,True,common_code,
23202,True,True,common_code,
23203,True,True,common_code,
23204,True,True,common_code,
23205,True,True,common_code,
23206,True,True,common_code,
23207,True,True,common_code,
23208,True,True,common_code,
23209,True,True,common_code,
23210,True,True,common_code,
23211,True,True,common_code,
23212,True,True,common_code,
23213,True,True,common_code,
23214,True,True,common_code,
23215,True,True,common_code,
23216,True,True,common_code,
23217,True,True,common_code,
23219,True,True,common_code,
23220,True,True,common_code,
23221,True,True,common_code,
23222,True,True,common_code,
23223,True,True,common_code,
23224,True,True,common_code,
23225,True,True,common_code,
23226,True,True,common_code,
23227,True,True,common_code,
23228,True,True,common_code,
23229,True,True,common_code,
23230,True,True,common_code,
23231,True,True,common_code,
23232,True,True,common_code,
23233,True,True,common_code,
23234,True,True,common_code,
23235,True,True,common_code,
23236,True,True,common_code,
23237,True,True,common_code,
23238,True,True,common_code,
23302,True,True,common_code,
23342,True,True,common_code,
23361,True,True,common_code,
23362,True,True,common_code,
23424,True,True,common_code,
23425,True,True,common_code,
23427,True,True,common_code,
23441,True,True,common_code,
23442,True,True,common_code,
23445,True,True,common_code,
23446,True,True,common_code,
23447,True,True,common_code,
23501,True,True,common_code,
23561,True,True,common_code,
23562,True,True,common_code,
23563,True,True,common_code,
24201,True,True,common_code,
24202,True,True,common_code,
24203,True,True,common_code,
24204,True,True,common_code,
24205,True,True,common_code,
24207,True,True,common_code,
24208,True,True,common_code,
24209,True,True,common_code,
24210,True,True,common_code,
24211,True,True,common_code,
24212,True,True,common_code,
24214,True,True,common_code,
24215,True,True,common_code,
24216,True,True,common_code,
24303,True,True,common_code,
24324,True,True,common_code,
24341,True,True,common_code,
24343,True,True,common_code,
24344,True,True,common_code,
24441,True,True,common_code,
24442,True,True,common_code,
24443,True,True,common_code,
24461,True,True,common_code,
24470,True,True,common_code,
24471,True,True,common_code,
24472,True,True,common_code,
24543,True,True,common_code,
24561,True,True,common_code,
24562,True,True,common_code,
25201,True,True,common_code,
25202,True,True,common_code,
25203,True,True,common_code,
25204,True,True,common_code,
25206,True,True,common_code,
25207,True,True,common_code,
25208,True,True,common_code,
25209,True,True,common_code,
25210,True,True,common_code,
25211,True,True,common_code,
25212,True,True,common_code,
25213,True,True,common_code,
25214,True,True,common_code,
25383,True,True,common_code,
25384,True,True,common_code,
25425,True,True,common_code,
25441,True,True,common_code,
25442,True,True,common_code,
25443,True,True,common_code,
26100,True,True,common_code,
26101,True,False,designated_city_administrative_ward,26100
26102,True,False,designated_city_administrative_ward,26100
26103,True,False,designated_city_administrative_ward,26100
26104,True,False,designated_city_administrative_ward,26100
26105,True,False,designated_city_administrative_ward,26100
26106,True,False,designated_city_administrative_ward,26100
26107,True,False,designated_city_administrative_ward,26100
26108,True,False,designated_city_administrative_ward,26100
26109,True,False,designated_city_administrative_ward,26100
26110,True,False,designated_city_administrative_ward,26100
26111,True,False,designated_city_administrative_ward,26100
26201,True,True,common_code,
26202,True,True,common_code,
26203,True,True,common_code,
26204,True,True,common_code,
26205,True,True,common_code,
26206,True,True,common_code,
26207,True,True,common_code,
26208,True,True,common_code,
26209,True,True,common_code,
26210,True,True,common_code,
26211,True,True,common_code,
26212,True,True,common_code,
26213,True,True,common_code,
26214,True,True,common_code,
26303,True,True,common_code,
26322,True,True,common_code,
26343,True,True,common_code,
26344,True,True,common_code,
26364,True,True,common_code,
26365,True,True,common_code,
26366,True,True,common_code,
26367,True,True,common_code,
26407,True,True,common_code,
26463,True,True,common_code,
26465,True,True,common_code,
27100,True,True,common_code,
27102,True,False,designated_city_administrative_ward,27100
27103,True,False,designated_city_administrative_ward,27100
27104,True,False,designated_city_administrative_ward,27100
27106,True,False,designated_city_administrative_ward,27100
27107,True,False,designated_city_administrative_ward,27100
27108,True,False,designated_city_administrative_ward,27100
27109,True,False,designated_city_administrative_ward,27100
27111,True,False,designated_city_administrative_ward,27100
27113,True,False,designated_city_administrative_ward,27100
27114,True,False,designated_city_administrative_ward,27100
27115,True,False,designated_city_administrative_ward,27100
27116,True,False,designated_city_administrative_ward,27100
27117,True,False,designated_city_administrative_ward,27100
27118,True,False,designated_city_administrative_ward,27100
27119,True,False,designated_city_administrative_ward,27100
27120,True,False,designated_city_administrative_ward,27100
27121,True,False,designated_city_administrative_ward,27100
27122,True,False,designated_city_administrative_ward,27100
27123,True,False,designated_city_administrative_ward,27100
27124,True,False,designated_city_administrative_ward,27100
27125,True,False,designated_city_administrative_ward,27100
27126,True,False,designated_city_administrative_ward,27100
27127,True,False,designated_city_administrative_ward,27100
27128,True,False,designated_city_administrative_ward,27100
27140,True,True,common_code,
27141,True,False,designated_city_administrative_ward,27100
27142,True,False,designated_city_administrative_ward,27100
27143,True,False,designated_city_administrative_ward,27100
27144,True,False,designated_city_administrative_ward,27100
27145,True,False,designated_city_administrative_ward,27100
27146,True,False,designated_city_administrative_ward,27100
27147,True,False,designated_city_administrative_ward,27100
27202,True,True,common_code,
27203,True,True,common_code,
27204,True,True,common_code,
27205,True,True,common_code,
27206,True,True,common_code,
27207,True,True,common_code,
27208,True,True,common_code,
27209,True,True,common_code,
27210,True,True,common_code,
27211,True,True,common_code,
27212,True,True,common_code,
27213,True,True,common_code,
27214,True,True,common_code,
27215,True,True,common_code,
27216,True,True,common_code,
27217,True,True,common_code,
27218,True,True,common_code,
27219,True,True,common_code,
27220,True,True,common_code,
27221,True,True,common_code,
27222,True,True,common_code,
27223,True,True,common_code,
27224,True,True,common_code,
27225,True,True,common_code,
27226,True,True,common_code,
27227,True,True,common_code,
27228,True,True,common_code,
27229,True,True,common_code,
27230,True,True,common_code,
27231,True,True,common_code,
27232,True,True,common_code,
27301,True,True,common_code,
27321,True,True,common_code,
27322,True,True,common_code,
27341,True,True,common_code,
27361,True,True,common_code,
27362,True,True,common_code,
27366,True,True,common_code,
27381,True,True,common_code,
27382,True,True,common_code,
27383,True,True,common_code,
28100,True,True,common_code,
28101,True,False,designated_city_administrative_ward,28100
28102,True,False,designated_city_administrative_ward,28100
28105,True,False,designated_city_administrative_ward,28100
28106,True,False,designated_city_administrative_ward,28100
28107,True,False,designated_city_administrative_ward,28100
28108,True,False,designated_city_administrative_ward,28100
28109,True,False,designated_city_administrative_ward,28100
28110,True,False,designated_city_administrative_ward,28100
28111,True,False,designated_city_administrative_ward,28100
28201,True,True,common_code,
28202,True,True,common_code,
28203,True,True,common_code,
28204,True,True,common_code,
28205,True,True,common_code,
28206,True,True,common_code,
28207,True,True,common_code,
28208,True,True,common_code,
28209,True,True,common_code,
28210,True,True,common_code,
28212,True,True,common_code,
28213,True,True,common_code,
28214,True,True,common_code,
28215,True,True,common_code,
28216,True,True,common_code,
28217,True,True,common_code,
28218,True,True,common_code,
28219,True,True,common_code,
28220,True,True,common_code,
28221,True,True,common_code,
28222,True,True,common_code,
28223,True,True,common_code,
28224,True,True,common_code,
28225,True,True,common_code,
28226,True,True,common_code,
28227,True,True,common_code,
28228,True,True,common_code,
28229,True,True,common_code,
28301,True,True,common_code,
28365,True,True,common_code,
28381,True,True,common_code,
28382,True,True,common_code,
28442,True,True,common_code,
28443,True,True,common_code,
28446,True,True,common_code,
28464,True,True,common_code,
28481,True,True,common_code,
28501,True,True,common_code,
28585,True,True,common_code,
28586,True,True,common_code,
29201,True,True,common_code,
29202,True,True,common_code,
29203,True,True,common_code,
29204,True,True,common_code,
29205,True,True,common_code,
29206,True,True,common_code,
29207,True,True,common_code,
29208,True,True,common_code,
29209,True,True,common_code,
29210,True,True,common_code,
29211,True,True,common_code,
29212,True,True,common_code,
29322,True,True,common_code,
29342,True,True,common_code,
29343,True,True,common_code,
29344,True,True,common_code,
29345,True,True,common_code,
29361,True,True,common_code,
29362,True,True,common_code,
29363,True,True,common_code,
29385,True,True,common_code,
29386,True,True,common_code,
29401,True,True,common_code,
29402,True,True,common_code,
29424,True,True,common_code,
29425,True,True,common_code,
29426,True,True,common_code,
29427,True,True,common_code,
29441,True,True,common_code,
29442,True,True,common_code,
29443,True,True,common_code,
29444,True,True,common_code,
29446,True,True,common_code,
29447,True,True,common_code,
29449,True,True,common_code,
29450,True,True,common_code,
29451,True,True,common_code,
29452,True,True,common_code,
29453,True,True,common_code,
30201,True,True,common_code,
30202,True,True,common_code,
30203,True,True,common_code,
30204,True,True,common_code,
30205,True,True,common_code,
30206,True,True,common_code,
30207,True,True,common_code,
30208,True,True,common_code,
30209,True,True,common_code,
30304,True,True,common_code,
30341,True,True,common_code,
30343,True,True,common_code,
30344,True,True,common_code,
30361,True,True,common_code,
30362,True,True,common_code,
30366,True,True,common_code,
30381,True,True,common_code,
30382,True,True,common_code,
30383,True,True,common_code,
30390,True,True,common_code,
30391,True,True,common_code,
30392,True,True,common_code,
30401,True,True,common_code,
30404,True,True,common_code,
30406,True,True,common_code,
30421,True,True,common_code,
30422,True,True,common_code,
30424,True,True,common_code,
30427,True,True,common_code,
30428,True,True,common_code,
31201,True,True,common_code,
31202,True,True,common_code,
31203,True,True,common_code,
31204,True,True,common_code,
31302,True,True,common_code,
31325,True,True,common_code,
31328,True,True,common_code,
31329,True,True,common_code,
31364,True,True,common_code,
31370,True,True,common_code,
31371,True,True,common_code,
31372,True,True,common_code,
31384,True,True,common_code,
31386,True,True,common_code,
31389,True,True,common_code,
31390,True,True,common_code,
31401,True,True,common_code,
31402,True,True,common_code,
31403,True,True,common_code,
32201,True,True,common_code,
32202,True,True,common_code,
32203,True,True,common_code,
32204,True,True,common_code,
32205,True,True,common_code,
32206,True,True,common_code,
32207,True,True,common_code,
32209,True,True,common_code,
32343,True,True,common_code,
32386,True,True,common_code,
32441,True,True,common_code,
32448,True,True,common_code,
32449,True,True,common_code,
32501,True,True,common_code,
32505,True,True,common_code,
32525,True,True,common_code,
32526,True,True,common_code,
32527,True,True,common_code,
32528,True,True,common_code,
33100,True,True,common_code,
33101,True,False,designated_city_administrative_ward,33100
33102,True,False,designated_city_administrative_ward,33100
33103,True,False,designated_city_administrative_ward,33100
33104,True,False,designated_city_administrative_ward,33100
33202,True,True,common_code,
33203,True,True,common_code,
33204,True,True,common_code,
33205,True,True,common_code,
33207,True,True,common_code,
33208,True,True,common_code,
33209,True,True,common_code,
33210,True,True,common_code,
33211,True,True,common_code,
33212,True,True,common_code,
33213,True,True,common_code,
33214,True,True,common_code,
33215,True,True,common_code,
33216,True,True,common_code,
33346,True,True,common_code,
33423,True,True,common_code,
33445,True,True,common_code,
33461,True,True,common_code,
33586,True,True,common_code,
33606,True,True,common_code,
33622,True,True,common_code,
33623,True,True,common_code,
33643,True,True,common_code,
33663,True,True,common_code,
33666,True,True,common_code,
33681,True,True,common_code,
34100,True,True,common_code,
34101,True,False,designated_city_administrative_ward,34100
34102,True,False,designated_city_administrative_ward,34100
34103,True,False,designated_city_administrative_ward,34100
34104,True,False,designated_city_administrative_ward,34100
34105,True,False,designated_city_administrative_ward,34100
34106,True,False,designated_city_administrative_ward,34100
34107,True,False,designated_city_administrative_ward,34100
34108,True,False,designated_city_administrative_ward,34100
34202,True,True,common_code,
34203,True,True,common_code,
34204,True,True,common_code,
34205,True,True,common_code,
34207,True,True,common_code,
34208,True,True,common_code,
34209,True,True,common_code,
34210,True,True,common_code,
34211,True,True,common_code,
34212,True,True,common_code,
34213,True,True,common_code,
34214,True,True,common_code,
34215,True,True,common_code,
34302,True,True,common_code,
34304,True,True,common_code,
34307,True,True,common_code,
34309,True,True,common_code,
34368,True,True,common_code,
34369,True,True,common_code,
34431,True,True,common_code,
34462,True,True,common_code,
34545,True,True,common_code,
35201,True,True,common_code,
35202,True,True,common_code,
35203,True,True,common_code,
35204,True,True,common_code,
35206,True,True,common_code,
35207,True,True,common_code,
35208,True,True,common_code,
35210,True,True,common_code,
35211,True,True,common_code,
35212,True,True,common_code,
35213,True,True,common_code,
35215,True,True,common_code,
35216,True,True,common_code,
35305,True,True,common_code,
35321,True,True,common_code,
35341,True,True,common_code,
35343,True,True,common_code,
35344,True,True,common_code,
35502,True,True,common_code,
36201,True,True,common_code,
36202,True,True,common_code,
36203,True,True,common_code,
36204,True,True,common_code,
36205,True,True,common_code,
36206,True,True,common_code,
36207,True,True,common_code,
36208,True,True,common_code,
36301,True,True,common_code,
36302,True,True,common_code,
36321,True,True,common_code,
36341,True,True,common_code,
36342,True,True,common_code,
36368,True,True,common_code,
36383,True,True,common_code,
36387,True,True,common_code,
36388,True,True,common_code,
36401,True,True,common_code,
36402,True,True,common_code,
36403,True,True,common_code,
36404,True,True,common_code,
36405,True,True,common_code,
36468,True,True,common_code,
36489,True,True,common_code,
37201,True,True,common_code,
37202,True,True,common_code,
37203,True,True,common_code,
37204,True,True,common_code,
37205,True,True,common_code,
37206,True,True,common_code,
37207,True,True,common_code,
37208,True,True,common_code,
37322,True,True,common_code,
37324,True,True,common_code,
37341,True,True,common_code,
37364,True,True,common_code,
37386,True,True,common_code,
37387,True,True,common_code,
37403,True,True,common_code,
37404,True,True,common_code,
37406,True,True,common_code,
38201,True,True,common_code,
38202,True,True,common_code,
38203,True,True,common_code,
38204,True,True,common_code,
38205,True,True,common_code,
38206,True,True,common_code,
38207,True,True,common_code,
38210,True,True,common_code,
38213,True,True,common_code,
38214,True,True,common_code,
38215,True,True,common_code,
38356,True,True,common_code,
38386,True,True,common_code,
38401,True,True,common_code,
38402,True,True,common_code,
38422,True,True,common_code,
38442,True,True,common_code,
38484,True,True,common_code,
38488,True,True,common_code,
38506,True,True,common_code,
39201,True,True,common_code,
39202,True,True,common_code,
39203,True,True,common_code,
39204,True,True,common_code,
39205,True,True,common_code,
39206,True,True,common_code,
39208,True,True,common_code,
39209,True,True,common_code,
39210,True,True,common_code,
39211,True,True,common_code,
39212,True,True,common_code,
39301,True,True,common_code,
39302,True,True,common_code,
39303,True,True,common_code,
39304,True,True,common_code,
39305,True,True,common_code,
39306,True,True,common_code,
39307,True,True,common_code,
39341,True,True,common_code,
39344,True,True,common_code,
39363,True,True,common_code,
39364,True,True,common_code,
39386,True,True,common_code,
39387,True,True,common_code,
39401,True,True,common_code,
39402,True,True,common_code,
39403,True,True,common_code,
39405,True,True,common_code,
39410,True,True,common_code,
39411,True,True,common_code,
39412,True,True,common_code,
39424,True,True,common_code,
39427,True,True,common_code,
39428,True,True,common_code,
40100,True,True,common_code,
40101,True,False,designated_city_administrative_ward,40100
40103,True,False,designated_city_administrative_ward,40100
40105,True,False,designated_city_administrative_ward,40100
40106,True,False,designated_city_administrative_ward,40100
40107,True,False,designated_city_administrative_ward,40100
40108,True,False,designated_city_administrative_ward,40100
40109,True,False,designated_city_administrative_ward,40100
40130,True,True,common_code,
40131,True,False,designated_city_administrative_ward,40100
40132,True,False,designated_city_administrative_ward,40100
40133,True,False,designated_city_administrative_ward,40100
40134,True,False,designated_city_administrative_ward,40100
40135,True,False,designated_city_administrative_ward,40100
40136,True,False,designated_city_administrative_ward,40100
40137,True,False,designated_city_administrative_ward,40100
40202,True,True,common_code,
40203,True,True,common_code,
40204,True,True,common_code,
40205,True,True,common_code,
40206,True,True,common_code,
40207,True,True,common_code,
40210,True,True,common_code,
40211,True,True,common_code,
40212,True,True,common_code,
40213,True,True,common_code,
40214,True,True,common_code,
40215,True,True,common_code,
40216,True,True,common_code,
40217,True,True,common_code,
40218,True,True,common_code,
40219,True,True,common_code,
40220,True,True,common_code,
40221,True,True,common_code,
40223,True,True,common_code,
40224,True,True,common_code,
40225,True,True,common_code,
40226,True,True,common_code,
40227,True,True,common_code,
40228,True,True,common_code,
40229,True,True,common_code,
40230,True,True,common_code,
40231,True,True,common_code,
40341,True,True,common_code,
40342,True,True,common_code,
40343,True,True,common_code,
40344,True,True,common_code,
40345,True,True,common_code,
40348,True,True,common_code,
40349,True,True,common_code,
40381,True,True,common_code,
40382,True,True,common_code,
40383,True,True,common_code,
40384,True,True,common_code,
40401,True,True,common_code,
40402,True,True,common_code,
40421,True,True,common_code,
40447,True,True,common_code,
40448,True,True,common_code,
40503,True,True,common_code,
40522,True,True,common_code,
40544,True,True,common_code,
40601,True,True,common_code,
40602,True,True,common_code,
40604,True,True,common_code,
40605,True,True,common_code,
40608,True,True,common_code,
40609,True,True,common_code,
40610,True,True,common_code,
40621,True,True,common_code,
40625,True,True,common_code,
40642,True,True,common_code,
40646,True,True,common_code,
40647,True,True,common_code,
41201,True,True,common_code,
41202,True,True,common_code,
41203,True,True,common_code,
41204,True,True,common_code,
41205,True,True,common_code,
41206,True,True,common_code,
41207,True,True,common_code,
41208,True,True,common_code,
41209,True,True,common_code,
41210,True,True,common_code,
41327,True,True,common_code,
41341,True,True,common_code,
41345,True,True,common_code,
41346,True,True,common_code,
41387,True,True,common_code,
41401,True,True,common_code,
41423,True,True,common_code,
41424,True,True,common_code,
41425,True,True,common_code,
41441,True,True,common_code,
42201,True,True,common_code,
42202,True,True,common_code,
42203,True,True,common_code,
42204,True,True,common_code,
42205,True,True,common_code,
42207,True,True,common_code,
42208,True,True,common_code,
42209,True,True,common_code,
42210,True,True,common_code,
42211,True,True,common_code,
42212,True,True,common_code,
42213,True,True,common_code,
42214,True,True,common_code,
42307,True,True,common_code,
42308,True,True,common_code,
42321,True,True,common_code,
42322,True,True,common_code,
42323,True,True,common_code,
42383,True,True,common_code,
42391,True,True,common_code,
42411,True,True,common_code,
43100,True,True,common_code,
43101,True,False,designated_city_administrative_ward,43100
43102,True,False,designated_city_administrative_ward,43100
43103,True,False,designated_city_administrative_ward,43100
43104,True,False,designated_city_administrative_ward,43100
43105,True,False,designated_city_administrative_ward,43100
43202,True,True,common_code,
43203,True,True,common_code,
43204,True,True,common_code,
43205,True,True,common_code,
43206,True,True,common_code,
43208,True,True,common_code,
43210,True,True,common_code,
43211,True,True,common_code,
43212,True,True,common_code,
43213,True,True,common_code,
43214,True,True,common_code,
43215,True,True,common_code,
43216,True,True,common_code,
43348,True,True,common_code,
43364,True,True,common_code,
43367,True,True,common_code,
43368,True,True,common_code,
43369,True,True,common_code,
43403,True,True,common_code,
43404,True,True,common_code,
43423,True,True,common_code,
43424,True,True,common_code,
43425,True,True,common_code,
43428,True,True,common_code,
43432,True,True,common_code,
43433,True,True,common_code,
43441,True,True,common_code,
43442,True,True,common_code,
43443,True,True,common_code,
43444,True,True,common_code,
43447,True,True,common_code,
43468,True,True,common_code,
43482,True,True,common_code,
43484,True,True,common_code,
43501,True,True,common_code,
43505,True,True,common_code,
43506,True,True,common_code,
43507,True,True,common_code,
43510,True,True,common_code,
43511,True,True,common_code,
43512,True,True,common_code,
43513,True,True,common_code,
43514,True,True,common_code,
43531,True,True,common_code,
44201,True,True,common_code,
44202,True,True,common_code,
44203,True,True,common_code,
44204,True,True,common_code,
44205,True,True,common_code,
44206,True,True,common_code,
44207,True,True,common_code,
44208,True,True,common_code,
44209,True,True,common_code,
44210,True,True,common_code,
44211,True,True,common_code,
44212,True,True,common_code,
44213,True,True,common_code,
44214,True,True,common_code,
44322,True,True,common_code,
44341,True,True,common_code,
44461,True,True,common_code,
44462,True,True,common_code,
45201,True,True,common_code,
45202,True,True,common_code,
45203,True,True,common_code,
45204,True,True,common_code,
45205,True,True,common_code,
45206,True,True,common_code,
45207,True,True,common_code,
45208,True,True,common_code,
45209,True,True,common_code,
45341,True,True,common_code,
45361,True,True,common_code,
45382,True,True,common_code,
45383,True,True,common_code,
45401,True,True,common_code,
45402,True,True,common_code,
45403,True,True,common_code,
45404,True,True,common_code,
45405,True,True,common_code,
45406,True,True,common_code,
45421,True,True,common_code,
45429,True,True,common_code,
45430,True,True,common_code,
45431,True,True,common_code,
45441,True,True,common_code,
45442,True,True,common_code,
45443,True,True,common_code,
46201,True,True,common_code,
46203,True,True,common_code,
46204,True,True,common_code,
46206,True,True,common_code,
46208,True,True,common_code,
46210,True,True,common_code,
46213,True,True,common_code,
46214,True,True,common_code,
46215,True,True,common_code,
46216,True,True,common_code,
46217,True,True,common_code,
46218,True,True,common_code,
46219,True,True,common_code,
46220,True,True,common_code,
46221,True,True,common_code,
46222,True,True,common_code,
46223,True,True,common_code,
46224,True,True,common_code,
46225,True,True,common_code,
46303,True,True,common_code,
46304,True,True,common_code,
46392,True,True,common_code,
46404,True,True,common_code,
46452,True,True,common_code,
46468,True,True,common_code,
46482,True,True,common_code,
46490,True,True,common_code,
46491,True,True,common_code,
46492,True,True,common_code,
46501,True,True,common_code,
46502,True,True,common_code,
46505,True,True,common_code,
46523,True,True,common_code,
46524,True,True,common_code,
46525,True,True,common_code,
46527,True,True,common_code,
46529,True,True,common_code,
46530,True,True,common_code,
46531,True,True,common_code,
46532,True,True,common_code,
46533,True,True,common_code,
46534,True,True,common_code,
46535,True,True,common_code,
47201,True,True,common_code,
47205,True,True,common_code,
47207,True,True,common_code,
47208,True,True,common_code,
47209,True,True,common_code,
47210,True,True,common_code,
47211,True,True,common_code,
47212,True,True,common_code,
47213,True,True,common_code,
47214,True,True,common_code,
47215,True,True,common_code,
47301,True,True,common_code,
47302,True,True,common_code,
47303,True,True,common_code,
47306,True,True,common_code,
47308,True,True,common_code,
47311,True,True,common_code,
47313,True,True,common_code,
47314,True,True,common_code,
47315,True,True,common_code,
47324,True,True,common_code,
47325,True,True,common_code,
47326,True,True,common_code,
47327,True,True,common_code,
47328,True,True,common_code,
47329,True,True,common_code,
47348,True,True,common_code,
47350,True,True,common_code,
47353,True,True,common_code,
47354,True,True,common_code,
47355,True,True,common_code,
47356,True,True,common_code,
47357,True,True,common_code,
47358,True,True,common_code,
47359,True,True,common_code,
47360,True,True,common_code,
47361,True,True,common_code,
47362,True,True,common_code,
47375,True,True,common_code,
47381,True,True,common_code,
47382,True,True,common_code,
