feature,reference_year,official_item_name_raw,source_dataset,ssdse_version,ssdse_item_code,raw_or_derived,temporal_safe,source_url
A1101,2020,総人口,SSDSE-A-2026,2026,A1101,raw,True,https://www.nstac.go.jp/files/SSDSE-A-2026.csv
A110101,2020,総人口（男）,SSDSE-A-2026,2026,A110101,raw,True,https://www.nstac.go.jp/files/SSDSE-A-2026.csv
A110102,2020,総人口（女）,SSDSE-A-2026,2026,A110102,raw,True,https://www.nstac.go.jp/files/SSDSE-A-2026.csv
A1102,2020,日本人人口,SSDSE-A-2026,2026,A1102,raw,True,https://www.nstac.go.jp/files/SSDSE-A-2026.csv
A110201,2020,日本人人口（男）,SSDSE-A-2026,2026,A110201,raw,True,https://www.nstac.go.jp/files/SSDSE-A-2026.csv
A110202,2020,日本人人口（女）,SSDSE-A-2026,2026,A110202,raw,True,https://www.nstac.go.jp/files/SSDSE-A-2026.csv
A1301,2020,15歳未満人口,SSDSE-A-2026,2026,A1301,raw,True,https://www.nstac.go.jp/files/SSDSE-A-2026.csv
A130101,2020,15歳未満人口（男）,SSDSE-A-2026,2026,A130101,raw,True,https://www.nstac.go.jp/files/SSDSE-A-2026.csv
A130102,2020,15歳未満人口（女）,SSDSE-A-2026,2026,A130102,raw,True,https://www.nstac.go.jp/files/SSDSE-A-2026.csv
A1302,2020,15～64歳人口,SSDSE-A-2026,2026,A1302,raw,True,https://www.nstac.go.jp/files/SSDSE-A-2026.csv
A130201,2020,15～64歳人口（男）,SSDSE-A-2026,2026,A130201,raw,True,https://www.nstac.go.jp/files/SSDSE-A-2026.csv
A130202,2020,15～64歳人口（女）,SSDSE-A-2026,2026,A130202,raw,True,https://www.nstac.go.jp/files/SSDSE-A-2026.csv
A1303,2020,65歳以上人口,SSDSE-A-2026,2026,A1303,raw,True,https://www.nstac.go.jp/files/SSDSE-A-2026.csv
A130301,2020,65歳以上人口（男）,SSDSE-A-2026,2026,A130301,raw,True,https://www.nstac.go.jp/files/SSDSE-A-2026.csv
A130302,2020,65歳以上人口（女）,SSDSE-A-2026,2026,A130302,raw,True,https://www.nstac.go.jp/files/SSDSE-A-2026.csv
A1419,2020,75歳以上人口,SSDSE-A-2026,2026,A1419,raw,True,https://www.nstac.go.jp/files/SSDSE-A-2026.csv
A141901,2020,75歳以上人口（男）,SSDSE-A-2026,2026,A141901,raw,True,https://www.nstac.go.jp/files/SSDSE-A-2026.csv
A141902,2020,75歳以上人口（女）,SSDSE-A-2026,2026,A141902,raw,True,https://www.nstac.go.jp/files/SSDSE-A-2026.csv
A1700,2020,外国人人口,SSDSE-A-2026,2026,A1700,raw,True,https://www.nstac.go.jp/files/SSDSE-A-2026.csv
A4101,2023,出生数,SSDSE-A-2026,2026,A4101,raw,False,https://www.nstac.go.jp/files/SSDSE-A-2026.csv
A4200,2023,死亡数,SSDSE-A-2026,2026,A4200,raw,False,https://www.nstac.go.jp/files/SSDSE-A-2026.csv
A5101,2024,転入者数（日本人移動者）,SSDSE-A-2026,2026,A5101,raw,False,https://www.nstac.go.jp/files/SSDSE-A-2026.csv
A5102,2024,転出者数（日本人移動者）,SSDSE-A-2026,2026,A5102,raw,False,https://www.nstac.go.jp/files/SSDSE-A-2026.csv
A7101,2020,世帯数,SSDSE-A-2026,2026,A7101,raw,True,https://www.nstac.go.jp/files/SSDSE-A-2026.csv
A710101,2020,一般世帯数,SSDSE-A-2026,2026,A710101,raw,True,https://www.nstac.go.jp/files/SSDSE-A-2026.csv
A710201,2020,一般世帯人員数,SSDSE-A-2026,2026,A710201,raw,True,https://www.nstac.go.jp/files/SSDSE-A-2026.csv
A810102,2020,核家族世帯数,SSDSE-A-2026,2026,A810102,raw,True,https://www.nstac.go.jp/files/SSDSE-A-2026.csv
A810105,2020,単独世帯数,SSDSE-A-2026,2026,A810105,raw,True,https://www.nstac.go.jp/files/SSDSE-A-2026.csv
A811102,2020,65歳以上の世帯員のいる核家族世帯数,SSDSE-A-2026,2026,A811102,raw,True,https://www.nstac.go.jp/files/SSDSE-A-2026.csv
A8201,2020,夫65歳以上、妻60歳以上の夫婦のみの世帯数,SSDSE-A-2026,2026,A8201,raw,True,https://www.nstac.go.jp/files/SSDSE-A-2026.csv
A8301,2020,65歳以上世帯員の単独世帯数,SSDSE-A-2026,2026,A8301,raw,True,https://www.nstac.go.jp/files/SSDSE-A-2026.csv
A9101,2023,婚姻件数,SSDSE-A-2026,2026,A9101,raw,False,https://www.nstac.go.jp/files/SSDSE-A-2026.csv
A9201,2023,離婚件数,SSDSE-A-2026,2026,A9201,raw,False,https://www.nstac.go.jp/files/SSDSE-A-2026.csv
B1101,2024,総面積（北方地域及び竹島を除く）,SSDSE-A-2026,2026,B1101,raw,False,https://www.nstac.go.jp/files/SSDSE-A-2026.csv
B1103,2024,可住地面積,SSDSE-A-2026,2026,B1103,raw,False,https://www.nstac.go.jp/files/SSDSE-A-2026.csv
C2108,2021,事業所数（民営）,SSDSE-A-2026,2026,C2108,raw,False,https://www.nstac.go.jp/files/SSDSE-A-2026.csv
C210832,2021,事業所数（民営）（農業、林業）,SSDSE-A-2026,2026,C210832,raw,False,https://www.nstac.go.jp/files/SSDSE-A-2026.csv
C210833,2021,事業所数（民営）（漁業）,SSDSE-A-2026,2026,C210833,raw,False,https://www.nstac.go.jp/files/SSDSE-A-2026.csv
C210835,2021,事業所数（民営）（鉱業、採石業、砂利採取業）,SSDSE-A-2026,2026,C210835,raw,False,https://www.nstac.go.jp/files/SSDSE-A-2026.csv
C210836,2021,事業所数（民営）（建設業）,SSDSE-A-2026,2026,C210836,raw,False,https://www.nstac.go.jp/files/SSDSE-A-2026.csv
C210837,2021,事業所数（民営）（製造業）,SSDSE-A-2026,2026,C210837,raw,False,https://www.nstac.go.jp/files/SSDSE-A-2026.csv
C210838,2021,事業所数（民営）（電気・ガス・熱供給・水道業）,SSDSE-A-2026,2026,C210838,raw,False,https://www.nstac.go.jp/files/SSDSE-A-2026.csv
C210839,2021,事業所数（民営）（情報通信業）,SSDSE-A-2026,2026,C210839,raw,False,https://www.nstac.go.jp/files/SSDSE-A-2026.csv
C210840,2021,事業所数（民営）（運輸業、郵便業）,SSDSE-A-2026,2026,C210840,raw,False,https://www.nstac.go.jp/files/SSDSE-A-2026.csv
C210841,2021,事業所数（民営）（卸売業、小売業）,SSDSE-A-2026,2026,C210841,raw,False,https://www.nstac.go.jp/files/SSDSE-A-2026.csv
C210844,2021,事業所数（民営）（金融業、保険業）,SSDSE-A-2026,2026,C210844,raw,False,https://www.nstac.go.jp/files/SSDSE-A-2026.csv
C210845,2021,事業所数（民営）（不動産業、物品賃貸業）,SSDSE-A-2026,2026,C210845,raw,False,https://www.nstac.go.jp/files/SSDSE-A-2026.csv
C210846,2021,事業所数（民営）（学術研究、専門・技術サービス業）,SSDSE-A-2026,2026,C210846,raw,False,https://www.nstac.go.jp/files/SSDSE-A-2026.csv
C210847,2021,事業所数（民営）（宿泊業、飲食サービス業）,SSDSE-A-2026,2026,C210847,raw,False,https://www.nstac.go.jp/files/SSDSE-A-2026.csv
C210848,2021,事業所数（民営）（生活関連サービス業、娯楽業）,SSDSE-A-2026,2026,C210848,raw,False,https://www.nstac.go.jp/files/SSDSE-A-2026.csv
C210849,2021,事業所数（民営）（教育、学習支援業）,SSDSE-A-2026,2026,C210849,raw,False,https://www.nstac.go.jp/files/SSDSE-A-2026.csv
C210850,2021,事業所数（民営）（医療、福祉）,SSDSE-A-2026,2026,C210850,raw,False,https://www.nstac.go.jp/files/SSDSE-A-2026.csv
C210851,2021,事業所数（民営）（複合サービス事業）,SSDSE-A-2026,2026,C210851,raw,False,https://www.nstac.go.jp/files/SSDSE-A-2026.csv
C210852,2021,事業所数（民営）（サービス業（他に分類されないもの））,SSDSE-A-2026,2026,C210852,raw,False,https://www.nstac.go.jp/files/SSDSE-A-2026.csv
C2208,2021,従業者数（民営）,SSDSE-A-2026,2026,C2208,raw,False,https://www.nstac.go.jp/files/SSDSE-A-2026.csv
C220832,2021,従業者数（民営）（農業、林業）,SSDSE-A-2026,2026,C220832,raw,False,https://www.nstac.go.jp/files/SSDSE-A-2026.csv
C220833,2021,従業者数（民営）（漁業）,SSDSE-A-2026,2026,C220833,raw,False,https://www.nstac.go.jp/files/SSDSE-A-2026.csv
C220835,2021,従業者数（民営）（鉱業、採石業、砂利採取業）,SSDSE-A-2026,2026,C220835,raw,False,https://www.nstac.go.jp/files/SSDSE-A-2026.csv
C220836,2021,従業者数（民営）（建設業）,SSDSE-A-2026,2026,C220836,raw,False,https://www.nstac.go.jp/files/SSDSE-A-2026.csv
C220837,2021,従業者数（民営）（製造業）,SSDSE-A-2026,2026,C220837,raw,False,https://www.nstac.go.jp/files/SSDSE-A-2026.csv
C220838,2021,従業者数（民営）（電気・ガス・熱供給・水道業）,SSDSE-A-2026,2026,C220838,raw,False,https://www.nstac.go.jp/files/SSDSE-A-2026.csv
C220839,2021,従業者数（民営）（情報通信業）,SSDSE-A-2026,2026,C220839,raw,False,https://www.nstac.go.jp/files/SSDSE-A-2026.csv
C220840,2021,従業者数（民営）（運輸業、郵便業）,SSDSE-A-2026,2026,C220840,raw,False,https://www.nstac.go.jp/files/SSDSE-A-2026.csv
C220841,2021,従業者数（民営）（卸売業、小売業）,SSDSE-A-2026,2026,C220841,raw,False,https://www.nstac.go.jp/files/SSDSE-A-2026.csv
C220844,2021,従業者数（民営）（金融業、保険業）,SSDSE-A-2026,2026,C220844,raw,False,https://www.nstac.go.jp/files/SSDSE-A-2026.csv
C220845,2021,従業者数（民営）（不動産業、物品賃貸業）,SSDSE-A-2026,2026,C220845,raw,False,https://www.nstac.go.jp/files/SSDSE-A-2026.csv
C220846,2021,従業者数（民営）（学術研究、専門・技術サービス業）,SSDSE-A-2026,2026,C220846,raw,False,https://www.nstac.go.jp/files/SSDSE-A-2026.csv
C220847,2021,従業者数（民営）（宿泊業、飲食サービス業）,SSDSE-A-2026,2026,C220847,raw,False,https://www.nstac.go.jp/files/SSDSE-A-2026.csv
C220848,2021,従業者数（民営）（生活関連サービス業、娯楽業）,SSDSE-A-2026,2026,C220848,raw,False,https://www.nstac.go.jp/files/SSDSE-A-2026.csv
C220849,2021,従業者数（民営）（教育、学習支援業）,SSDSE-A-2026,2026,C220849,raw,False,https://www.nstac.go.jp/files/SSDSE-A-2026.csv
C220850,2021,従業者数（民営）（医療、福祉）,SSDSE-A-2026,2026,C220850,raw,False,https://www.nstac.go.jp/files/SSDSE-A-2026.csv
C220851,2021,従業者数（民営）（複合サービス事業）,SSDSE-A-2026,2026,C220851,raw,False,https://www.nstac.go.jp/files/SSDSE-A-2026.csv
C220852,2021,従業者数（民営）（サービス業（他に分類されないもの））,SSDSE-A-2026,2026,C220852,raw,False,https://www.nstac.go.jp/files/SSDSE-A-2026.csv
C310201,2019,農家数（販売農家）,SSDSE-A-2026,2026,C310201,raw,True,https://www.nstac.go.jp/files/SSDSE-A-2026.csv
C310202,2019,農家数（自給的農家）,SSDSE-A-2026,2026,C310202,raw,True,https://www.nstac.go.jp/files/SSDSE-A-2026.csv
D1202,2024,一般行政部門職員数（市区町村）,SSDSE-A-2026,2026,D1202,raw,False,https://www.nstac.go.jp/files/SSDSE-A-2026.csv
D2203,2022,経常収支比率（市町村財政）,SSDSE-A-2026,2026,D2203,raw,False,https://www.nstac.go.jp/files/SSDSE-A-2026.csv
D2211,2022,実質公債費比率（市町村財政）,SSDSE-A-2026,2026,D2211,raw,False,https://www.nstac.go.jp/files/SSDSE-A-2026.csv
D3201,2022,歳入決算総額（市町村財政）,SSDSE-A-2026,2026,D3201,raw,False,https://www.nstac.go.jp/files/SSDSE-A-2026.csv
D320101,2022,地方税（市町村財政）,SSDSE-A-2026,2026,D320101,raw,False,https://www.nstac.go.jp/files/SSDSE-A-2026.csv
D3203,2022,歳出決算総額（市町村財政）,SSDSE-A-2026,2026,D3203,raw,False,https://www.nstac.go.jp/files/SSDSE-A-2026.csv
D320303,2022,民生費（市町村財政）,SSDSE-A-2026,2026,D320303,raw,False,https://www.nstac.go.jp/files/SSDSE-A-2026.csv
D320308,2022,土木費（市町村財政）,SSDSE-A-2026,2026,D320308,raw,False,https://www.nstac.go.jp/files/SSDSE-A-2026.csv
D320310,2022,教育費（市町村財政）,SSDSE-A-2026,2026,D320310,raw,False,https://www.nstac.go.jp/files/SSDSE-A-2026.csv
D320311,2022,災害復旧費（市町村財政）,SSDSE-A-2026,2026,D320311,raw,False,https://www.nstac.go.jp/files/SSDSE-A-2026.csv
E1101,2024,幼稚園数,SSDSE-A-2026,2026,E1101,raw,False,https://www.nstac.go.jp/files/SSDSE-A-2026.csv
E1501,2024,幼稚園在園者数,SSDSE-A-2026,2026,E1501,raw,False,https://www.nstac.go.jp/files/SSDSE-A-2026.csv
E2101,2024,小学校数,SSDSE-A-2026,2026,E2101,raw,False,https://www.nstac.go.jp/files/SSDSE-A-2026.csv
E2401,2024,小学校教員数,SSDSE-A-2026,2026,E2401,raw,False,https://www.nstac.go.jp/files/SSDSE-A-2026.csv
E2501,2024,小学校児童数,SSDSE-A-2026,2026,E2501,raw,False,https://www.nstac.go.jp/files/SSDSE-A-2026.csv
E3101,2024,中学校数,SSDSE-A-2026,2026,E3101,raw,False,https://www.nstac.go.jp/files/SSDSE-A-2026.csv
E3401,2024,中学校教員数,SSDSE-A-2026,2026,E3401,raw,False,https://www.nstac.go.jp/files/SSDSE-A-2026.csv
E3501,2024,中学校生徒数,SSDSE-A-2026,2026,E3501,raw,False,https://www.nstac.go.jp/files/SSDSE-A-2026.csv
E3901,2024,義務教育学校数,SSDSE-A-2026,2026,E3901,raw,False,https://www.nstac.go.jp/files/SSDSE-A-2026.csv
E3904,2024,義務教育学校教員数,SSDSE-A-2026,2026,E3904,raw,False,https://www.nstac.go.jp/files/SSDSE-A-2026.csv
E3905,2024,義務教育学校前期課程児童数,SSDSE-A-2026,2026,E3905,raw,False,https://www.nstac.go.jp/files/SSDSE-A-2026.csv
E3906,2024,義務教育学校後期課程生徒数,SSDSE-A-2026,2026,E3906,raw,False,https://www.nstac.go.jp/files/SSDSE-A-2026.csv
E4101,2024,高等学校数,SSDSE-A-2026,2026,E4101,raw,False,https://www.nstac.go.jp/files/SSDSE-A-2026.csv
E4501,2024,高等学校生徒数,SSDSE-A-2026,2026,E4501,raw,False,https://www.nstac.go.jp/files/SSDSE-A-2026.csv
F1102,2020,就業者数,SSDSE-A-2026,2026,F1102,raw,True,https://www.nstac.go.jp/files/SSDSE-A-2026.csv
F110201,2020,就業者数（男）,SSDSE-A-2026,2026,F110201,raw,True,https://www.nstac.go.jp/files/SSDSE-A-2026.csv
F110202,2020,就業者数（女）,SSDSE-A-2026,2026,F110202,raw,True,https://www.nstac.go.jp/files/SSDSE-A-2026.csv
F1107,2020,完全失業者数,SSDSE-A-2026,2026,F1107,raw,True,https://www.nstac.go.jp/files/SSDSE-A-2026.csv
F110701,2020,完全失業者数（男）,SSDSE-A-2026,2026,F110701,raw,True,https://www.nstac.go.jp/files/SSDSE-A-2026.csv
F110702,2020,完全失業者数（女）,SSDSE-A-2026,2026,F110702,raw,True,https://www.nstac.go.jp/files/SSDSE-A-2026.csv
F1108,2020,非労働力人口,SSDSE-A-2026,2026,F1108,raw,True,https://www.nstac.go.jp/files/SSDSE-A-2026.csv
F110801,2020,非労働力人口（男）,SSDSE-A-2026,2026,F110801,raw,True,https://www.nstac.go.jp/files/SSDSE-A-2026.csv
F110802,2020,非労働力人口（女）,SSDSE-A-2026,2026,F110802,raw,True,https://www.nstac.go.jp/files/SSDSE-A-2026.csv
F2201,2020,第1次産業就業者数,SSDSE-A-2026,2026,F2201,raw,True,https://www.nstac.go.jp/files/SSDSE-A-2026.csv
F2211,2020,第2次産業就業者数,SSDSE-A-2026,2026,F2211,raw,True,https://www.nstac.go.jp/files/SSDSE-A-2026.csv
F2221,2020,第3次産業就業者数,SSDSE-A-2026,2026,F2221,raw,True,https://www.nstac.go.jp/files/SSDSE-A-2026.csv
G1201,2021,公民館数,SSDSE-A-2026,2026,G1201,raw,False,https://www.nstac.go.jp/files/SSDSE-A-2026.csv
G1401,2021,図書館数,SSDSE-A-2026,2026,G1401,raw,False,https://www.nstac.go.jp/files/SSDSE-A-2026.csv
H5507,2023,総人口（非水洗化人口＋水洗化人口）,SSDSE-A-2026,2026,H5507,raw,False,https://www.nstac.go.jp/files/SSDSE-A-2026.csv
H550701,2023,非水洗化人口,SSDSE-A-2026,2026,H550701,raw,False,https://www.nstac.go.jp/files/SSDSE-A-2026.csv
H6130,2021,小売店数,SSDSE-A-2026,2026,H6130,raw,False,https://www.nstac.go.jp/files/SSDSE-A-2026.csv
H6131,2021,飲食店数,SSDSE-A-2026,2026,H6131,raw,False,https://www.nstac.go.jp/files/SSDSE-A-2026.csv
H6132,2021,大型小売店数,SSDSE-A-2026,2026,H6132,raw,False,https://www.nstac.go.jp/files/SSDSE-A-2026.csv
I510120,2023,一般病院数,SSDSE-A-2026,2026,I510120,raw,False,https://www.nstac.go.jp/files/SSDSE-A-2026.csv
I5102,2023,一般診療所数,SSDSE-A-2026,2026,I5102,raw,False,https://www.nstac.go.jp/files/SSDSE-A-2026.csv
I5103,2023,歯科診療所数,SSDSE-A-2026,2026,I5103,raw,False,https://www.nstac.go.jp/files/SSDSE-A-2026.csv
I6100,2022,医師数,SSDSE-A-2026,2026,I6100,raw,False,https://www.nstac.go.jp/files/SSDSE-A-2026.csv
I6200,2022,歯科医師数,SSDSE-A-2026,2026,I6200,raw,False,https://www.nstac.go.jp/files/SSDSE-A-2026.csv
I6300,2022,薬剤師数,SSDSE-A-2026,2026,I6300,raw,False,https://www.nstac.go.jp/files/SSDSE-A-2026.csv
J250302,2023,保育所等数（基本票）,SSDSE-A-2026,2026,J250302,raw,False,https://www.nstac.go.jp/files/SSDSE-A-2026.csv
